,est_time,away_team,home_team
0,2018-10-16 19:00:00+00:00,PHILADELPHIA_76ERS,BOSTON_CELTICS
1,2018-10-16 21:30:00+00:00,OKLAHOMA_CITY_THUNDER,GOLDEN_STATE_WARRIORS
2,2018-10-17 18:00:00+00:00,MILWAUKEE_BUCKS,CHARLOTTE_HORNETS
3,2018-10-17 18:00:00+00:00,BROOKLYN_NETS,DETROIT_PISTONS
4,2018-10-17 18:00:00+00:00,MEMPHIS_GRIZZLIES,INDIANA_PACERS
5,2018-10-17 18:00:00+00:00,MIAMI_HEAT,ORLANDO_MAGIC
6,2018-10-17 18:30:00+00:00,ATLANTA_HAWKS,NEW_YORK_KNICKS
7,2018-10-17 18:30:00+00:00,CLEVELAND_CAVALIERS,TORONTO_RAPTORS
8,2018-10-17 19:00:00+00:00,NEW_ORLEANS_PELICANS,HOUSTON_ROCKETS
9,2018-10-17 19:30:00+00:00,MINNESOTA_TIMBERWOLVES,SAN_ANTONIO_SPURS
10,2018-10-17 21:00:00+00:00,UTAH_JAZZ,SACRAMENTO_KINGS
11,2018-10-17 21:30:00+00:00,DENVER_NUGGETS,LOS_ANGELES_CLIPPERS
12,2018-10-17 21:30:00+00:00,DALLAS_MAVERICKS,PHOENIX_SUNS
13,2018-10-18 19:00:00+00:00,CHICAGO_BULLS,PHILADELPHIA_76ERS
14,2018-10-18 19:00:00+00:00,MIAMI_HEAT,WASHINGTON_WIZARDS
15,2018-10-18 21:30:00+00:00,LOS_ANGELES_LAKERS,PORTLAND_TRAIL_BLAZERS
16,2018-10-19 18:00:00+00:00,CHARLOTTE_HORNETS,ORLANDO_MAGIC
17,2018-10-19 18:30:00+00:00,NEW_YORK_KNICKS,BROOKLYN_NETS
18,2018-10-19 19:00:00+00:00,ATLANTA_HAWKS,MEMPHIS_GRIZZLIES
19,2018-10-19 19:00:00+00:00,CLEVELAND_CAVALIERS,MINNESOTA_TIMBERWOLVES
20,2018-10-19 19:00:00+00:00,SACRAMENTO_KINGS,NEW_ORLEANS_PELICANS
21,2018-10-19 19:00:00+00:00,BOSTON_CELTICS,TORONTO_RAPTORS
22,2018-10-19 19:30:00+00:00,INDIANA_PACERS,MILWAUKEE_BUCKS
23,2018-10-19 21:30:00+00:00,OKLAHOMA_CITY_THUNDER,LOS_ANGELES_CLIPPERS
24,2018-10-19 21:30:00+00:00,GOLDEN_STATE_WARRIORS,UTAH_JAZZ
25,2018-10-20 18:00:00+00:00,BROOKLYN_NETS,INDIANA_PACERS
26,2018-10-20 18:00:00+00:00,TORONTO_RAPTORS,WASHINGTON_WIZARDS
27,2018-10-20 18:30:00+00:00,BOSTON_CELTICS,NEW_YORK_KNICKS
28,2018-10-20 18:30:00+00:00,ORLANDO_MAGIC,PHILADELPHIA_76ERS
29,2018-10-20 19:00:00+00:00,DETROIT_PISTONS,CHICAGO_BULLS
30,2018-10-20 19:00:00+00:00,CHARLOTTE_HORNETS,MIAMI_HEAT
31,2018-10-20 19:30:00+00:00,MINNESOTA_TIMBERWOLVES,DALLAS_MAVERICKS
32,2018-10-20 20:00:00+00:00,PHOENIX_SUNS,DENVER_NUGGETS
33,2018-10-20 21:00:00+00:00,SAN_ANTONIO_SPURS,PORTLAND_TRAIL_BLAZERS
34,2018-10-20 21:30:00+00:00,HOUSTON_ROCKETS,LOS_ANGELES_LAKERS
35,2018-10-21 17:00:00+00:00,ATLANTA_HAWKS,CLEVELAND_CAVALIERS
36,2018-10-21 18:00:00+00:00,SACRAMENTO_KINGS,OKLAHOMA_CITY_THUNDER
37,2018-10-21 19:00:00+00:00,GOLDEN_STATE_WARRIORS,DENVER_NUGGETS
38,2018-10-21 20:00:00+00:00,HOUSTON_ROCKETS,LOS_ANGELES_CLIPPERS
39,2018-10-22 18:30:00+00:00,ORLANDO_MAGIC,BOSTON_CELTICS
40,2018-10-22 18:30:00+00:00,CHARLOTTE_HORNETS,TORONTO_RAPTORS
41,2018-10-22 19:00:00+00:00,NEW_YORK_KNICKS,MILWAUKEE_BUCKS
42,2018-10-22 19:00:00+00:00,INDIANA_PACERS,MINNESOTA_TIMBERWOLVES
43,2018-10-22 19:30:00+00:00,CHICAGO_BULLS,DALLAS_MAVERICKS
44,2018-10-22 20:00:00+00:00,MEMPHIS_GRIZZLIES,UTAH_JAZZ
45,2018-10-22 21:00:00+00:00,WASHINGTON_WIZARDS,PORTLAND_TRAIL_BLAZERS
46,2018-10-22 21:30:00+00:00,PHOENIX_SUNS,GOLDEN_STATE_WARRIORS
47,2018-10-22 21:30:00+00:00,SAN_ANTONIO_SPURS,LOS_ANGELES_LAKERS
48,2018-10-23 18:00:00+00:00,PHILADELPHIA_76ERS,DETROIT_PISTONS
49,2018-10-23 19:00:00+00:00,LOS_ANGELES_CLIPPERS,NEW_ORLEANS_PELICANS
50,2018-10-23 20:00:00+00:00,SACRAMENTO_KINGS,DENVER_NUGGETS
51,2018-10-24 18:00:00+00:00,DALLAS_MAVERICKS,ATLANTA_HAWKS
52,2018-10-24 18:00:00+00:00,BROOKLYN_NETS,CLEVELAND_CAVALIERS
53,2018-10-24 18:30:00+00:00,NEW_YORK_KNICKS,MIAMI_HEAT
54,2018-10-24 18:30:00+00:00,MINNESOTA_TIMBERWOLVES,TORONTO_RAPTORS
55,2018-10-24 19:00:00+00:00,CHARLOTTE_HORNETS,CHICAGO_BULLS
56,2018-10-24 19:00:00+00:00,UTAH_JAZZ,HOUSTON_ROCKETS
57,2018-10-24 19:30:00+00:00,INDIANA_PACERS,SAN_ANTONIO_SPURS
58,2018-10-24 20:30:00+00:00,PHILADELPHIA_76ERS,MILWAUKEE_BUCKS
59,2018-10-24 21:00:00+00:00,LOS_ANGELES_LAKERS,PHOENIX_SUNS
60,2018-10-24 21:00:00+00:00,MEMPHIS_GRIZZLIES,SACRAMENTO_KINGS
61,2018-10-24 21:30:00+00:00,WASHINGTON_WIZARDS,GOLDEN_STATE_WARRIORS
62,2018-10-25 18:00:00+00:00,CLEVELAND_CAVALIERS,DETROIT_PISTONS
63,2018-10-25 18:00:00+00:00,PORTLAND_TRAIL_BLAZERS,ORLANDO_MAGIC
64,2018-10-25 19:00:00+00:00,BOSTON_CELTICS,OKLAHOMA_CITY_THUNDER
65,2018-10-25 21:30:00+00:00,DENVER_NUGGETS,LOS_ANGELES_LAKERS
66,2018-10-26 18:00:00+00:00,CHICAGO_BULLS,CHARLOTTE_HORNETS
67,2018-10-26 18:30:00+00:00,GOLDEN_STATE_WARRIORS,NEW_YORK_KNICKS
68,2018-10-26 18:30:00+00:00,DALLAS_MAVERICKS,TORONTO_RAPTORS
69,2018-10-26 19:00:00+00:00,LOS_ANGELES_CLIPPERS,HOUSTON_ROCKETS
70,2018-10-26 19:00:00+00:00,MILWAUKEE_BUCKS,MINNESOTA_TIMBERWOLVES
71,2018-10-26 19:00:00+00:00,BROOKLYN_NETS,NEW_ORLEANS_PELICANS
72,2018-10-26 21:00:00+00:00,WASHINGTON_WIZARDS,SACRAMENTO_KINGS
73,2018-10-27 18:00:00+00:00,BOSTON_CELTICS,DETROIT_PISTONS
74,2018-10-27 18:00:00+00:00,UTAH_JAZZ,NEW_ORLEANS_PELICANS
75,2018-10-27 18:30:00+00:00,CHICAGO_BULLS,ATLANTA_HAWKS
76,2018-10-27 18:30:00+00:00,INDIANA_PACERS,CLEVELAND_CAVALIERS
77,2018-10-27 18:30:00+00:00,CHARLOTTE_HORNETS,PHILADELPHIA_76ERS
78,2018-10-27 19:00:00+00:00,PHOENIX_SUNS,MEMPHIS_GRIZZLIES
79,2018-10-27 19:00:00+00:00,PORTLAND_TRAIL_BLAZERS,MIAMI_HEAT
80,2018-10-27 19:30:00+00:00,ORLANDO_MAGIC,MILWAUKEE_BUCKS
81,2018-10-27 19:30:00+00:00,LOS_ANGELES_LAKERS,SAN_ANTONIO_SPURS
82,2018-10-28 16:00:00+00:00,GOLDEN_STATE_WARRIORS,BROOKLYN_NETS
83,2018-10-28 18:00:00+00:00,UTAH_JAZZ,DALLAS_MAVERICKS
84,2018-10-28 18:00:00+00:00,PHOENIX_SUNS,OKLAHOMA_CITY_THUNDER
85,2018-10-28 20:30:00+00:00,WASHINGTON_WIZARDS,LOS_ANGELES_CLIPPERS
86,2018-10-29 18:00:00+00:00,PORTLAND_TRAIL_BLAZERS,INDIANA_PACERS
87,2018-10-29 18:00:00+00:00,ATLANTA_HAWKS,PHILADELPHIA_76ERS
88,2018-10-29 18:30:00+00:00,SACRAMENTO_KINGS,MIAMI_HEAT
89,2018-10-29 18:30:00+00:00,BROOKLYN_NETS,NEW_YORK_KNICKS
90,2018-10-29 19:00:00+00:00,GOLDEN_STATE_WARRIORS,CHICAGO_BULLS
91,2018-10-29 19:00:00+00:00,TORONTO_RAPTORS,MILWAUKEE_BUCKS
92,2018-10-29 19:00:00+00:00,LOS_ANGELES_LAKERS,MINNESOTA_TIMBERWOLVES
93,2018-10-29 19:30:00+00:00,DALLAS_MAVERICKS,SAN_ANTONIO_SPURS
94,2018-10-29 20:00:00+00:00,NEW_ORLEANS_PELICANS,DENVER_NUGGETS
95,2018-10-30 18:00:00+00:00,MIAMI_HEAT,CHARLOTTE_HORNETS
96,2018-10-30 18:00:00+00:00,ATLANTA_HAWKS,CLEVELAND_CAVALIERS
97,2018-10-30 18:00:00+00:00,SACRAMENTO_KINGS,ORLANDO_MAGIC
98,2018-10-30 18:30:00+00:00,DETROIT_PISTONS,BOSTON_CELTICS
99,2018-10-30 18:30:00+00:00,PHILADELPHIA_76ERS,TORONTO_RAPTORS
100,2018-10-30 19:00:00+00:00,PORTLAND_TRAIL_BLAZERS,HOUSTON_ROCKETS
101,2018-10-30 19:00:00+00:00,WASHINGTON_WIZARDS,MEMPHIS_GRIZZLIES
102,2018-10-30 19:00:00+00:00,LOS_ANGELES_CLIPPERS,OKLAHOMA_CITY_THUNDER
103,2018-10-31 18:30:00+00:00,DETROIT_PISTONS,BROOKLYN_NETS
104,2018-10-31 19:00:00+00:00,DENVER_NUGGETS,CHICAGO_BULLS
105,2018-10-31 19:00:00+00:00,UTAH_JAZZ,MINNESOTA_TIMBERWOLVES
106,2018-10-31 19:00:00+00:00,INDIANA_PACERS,NEW_YORK_KNICKS
107,2018-10-31 21:30:00+00:00,NEW_ORLEANS_PELICANS,GOLDEN_STATE_WARRIORS
108,2018-10-31 21:30:00+00:00,DALLAS_MAVERICKS,LOS_ANGELES_LAKERS
109,2018-10-31 21:30:00+00:00,SAN_ANTONIO_SPURS,PHOENIX_SUNS
110,2018-11-01 18:00:00+00:00,OKLAHOMA_CITY_THUNDER,CHARLOTTE_HORNETS
111,2018-11-01 18:00:00+00:00,DENVER_NUGGETS,CLEVELAND_CAVALIERS
112,2018-11-01 18:00:00+00:00,LOS_ANGELES_CLIPPERS,PHILADELPHIA_76ERS
113,2018-11-01 18:30:00+00:00,SACRAMENTO_KINGS,ATLANTA_HAWKS
114,2018-11-01 19:00:00+00:00,MILWAUKEE_BUCKS,BOSTON_CELTICS
115,2018-11-01 21:30:00+00:00,NEW_ORLEANS_PELICANS,PORTLAND_TRAIL_BLAZERS
116,2018-11-02 18:00:00+00:00,LOS_ANGELES_CLIPPERS,ORLANDO_MAGIC
117,2018-11-02 18:30:00+00:00,HOUSTON_ROCKETS,BROOKLYN_NETS
118,2018-11-02 19:00:00+00:00,INDIANA_PACERS,CHICAGO_BULLS
119,2018-11-02 19:00:00+00:00,OKLAHOMA_CITY_THUNDER,WASHINGTON_WIZARDS
120,2018-11-02 19:30:00+00:00,NEW_YORK_KNICKS,DALLAS_MAVERICKS
121,2018-11-02 20:00:00+00:00,MEMPHIS_GRIZZLIES,UTAH_JAZZ
122,2018-11-02 21:00:00+00:00,TORONTO_RAPTORS,PHOENIX_SUNS
123,2018-11-02 21:30:00+00:00,MINNESOTA_TIMBERWOLVES,GOLDEN_STATE_WARRIORS
124,2018-11-03 12:00:00+00:00,DETROIT_PISTONS,PHILADELPHIA_76ERS
125,2018-11-03 18:00:00+00:00,CLEVELAND_CAVALIERS,CHARLOTTE_HORNETS
126,2018-11-03 18:00:00+00:00,BOSTON_CELTICS,INDIANA_PACERS
127,2018-11-03 18:30:00+00:00,MIAMI_HEAT,ATLANTA_HAWKS
128,2018-11-03 19:00:00+00:00,HOUSTON_ROCKETS,CHICAGO_BULLS
129,2018-11-03 19:30:00+00:00,NEW_ORLEANS_PELICANS,SAN_ANTONIO_SPURS
130,2018-11-03 20:00:00+00:00,UTAH_JAZZ,DENVER_NUGGETS
131,2018-11-03 21:00:00+00:00,LOS_ANGELES_LAKERS,PORTLAND_TRAIL_BLAZERS
132,2018-11-04 15:30:00+00:00,SACRAMENTO_KINGS,MILWAUKEE_BUCKS
133,2018-11-04 18:00:00+00:00,PHILADELPHIA_76ERS,BROOKLYN_NETS
134,2018-11-04 18:00:00+00:00,NEW_YORK_KNICKS,WASHINGTON_WIZARDS
135,2018-11-04 19:00:00+00:00,ORLANDO_MAGIC,SAN_ANTONIO_SPURS
136,2018-11-04 20:00:00+00:00,MEMPHIS_GRIZZLIES,PHOENIX_SUNS
137,2018-11-04 21:00:00+00:00,MINNESOTA_TIMBERWOLVES,PORTLAND_TRAIL_BLAZERS
138,2018-11-04 21:30:00+00:00,TORONTO_RAPTORS,LOS_ANGELES_LAKERS
139,2018-11-05 19:00:00+00:00,MIAMI_HEAT,DETROIT_PISTONS
140,2018-11-05 19:00:00+00:00,HOUSTON_ROCKETS,INDIANA_PACERS
141,2018-11-05 19:00:00+00:00,CLEVELAND_CAVALIERS,ORLANDO_MAGIC
142,2018-11-05 19:30:00+00:00,CHICAGO_BULLS,NEW_YORK_KNICKS
143,2018-11-05 20:00:00+00:00,NEW_ORLEANS_PELICANS,OKLAHOMA_CITY_THUNDER
144,2018-11-05 21:00:00+00:00,BOSTON_CELTICS,DENVER_NUGGETS
145,2018-11-05 21:00:00+00:00,TORONTO_RAPTORS,UTAH_JAZZ
146,2018-11-05 22:30:00+00:00,MEMPHIS_GRIZZLIES,GOLDEN_STATE_WARRIORS
147,2018-11-05 22:30:00+00:00,MINNESOTA_TIMBERWOLVES,LOS_ANGELES_CLIPPERS
148,2018-11-06 19:00:00+00:00,ATLANTA_HAWKS,CHARLOTTE_HORNETS
149,2018-11-06 20:30:00+00:00,WASHINGTON_WIZARDS,DALLAS_MAVERICKS
150,2018-11-06 21:00:00+00:00,BROOKLYN_NETS,PHOENIX_SUNS
151,2018-11-06 22:00:00+00:00,MILWAUKEE_BUCKS,PORTLAND_TRAIL_BLAZERS
152,2018-11-07 19:00:00+00:00,OKLAHOMA_CITY_THUNDER,CLEVELAND_CAVALIERS
153,2018-11-07 19:00:00+00:00,DETROIT_PISTONS,ORLANDO_MAGIC
154,2018-11-07 19:30:00+00:00,NEW_YORK_KNICKS,ATLANTA_HAWKS
155,2018-11-07 19:30:00+00:00,SAN_ANTONIO_SPURS,MIAMI_HEAT
156,2018-11-07 20:00:00+00:00,PHILADELPHIA_76ERS,INDIANA_PACERS
157,2018-11-07 20:00:00+00:00,DENVER_NUGGETS,MEMPHIS_GRIZZLIES
158,2018-11-07 20:00:00+00:00,CHICAGO_BULLS,NEW_ORLEANS_PELICANS
159,2018-11-07 21:00:00+00:00,DALLAS_MAVERICKS,UTAH_JAZZ
160,2018-11-07 22:00:00+00:00,TORONTO_RAPTORS,SACRAMENTO_KINGS
161,2018-11-07 22:30:00+00:00,MINNESOTA_TIMBERWOLVES,LOS_ANGELES_LAKERS
162,2018-11-08 20:00:00+00:00,HOUSTON_ROCKETS,OKLAHOMA_CITY_THUNDER
163,2018-11-08 21:00:00+00:00,BOSTON_CELTICS,PHOENIX_SUNS
164,2018-11-08 22:00:00+00:00,LOS_ANGELES_CLIPPERS,PORTLAND_TRAIL_BLAZERS
165,2018-11-08 22:30:00+00:00,MILWAUKEE_BUCKS,GOLDEN_STATE_WARRIORS
166,2018-11-09 19:00:00+00:00,WASHINGTON_WIZARDS,ORLANDO_MAGIC
167,2018-11-09 19:00:00+00:00,CHARLOTTE_HORNETS,PHILADELPHIA_76ERS
168,2018-11-09 19:30:00+00:00,DETROIT_PISTONS,ATLANTA_HAWKS
169,2018-11-09 20:00:00+00:00,INDIANA_PACERS,MIAMI_HEAT
170,2018-11-09 21:00:00+00:00,BROOKLYN_NETS,DENVER_NUGGETS
171,2018-11-09 21:30:00+00:00,BOSTON_CELTICS,UTAH_JAZZ
172,2018-11-09 22:00:00+00:00,MINNESOTA_TIMBERWOLVES,SACRAMENTO_KINGS
173,2018-11-10 15:00:00+00:00,NEW_YORK_KNICKS,TORONTO_RAPTORS
174,2018-11-10 15:30:00+00:00,MILWAUKEE_BUCKS,LOS_ANGELES_CLIPPERS
175,2018-11-10 19:00:00+00:00,PHOENIX_SUNS,NEW_ORLEANS_PELICANS
176,2018-11-10 20:00:00+00:00,CLEVELAND_CAVALIERS,CHICAGO_BULLS
177,2018-11-10 20:00:00+00:00,PHILADELPHIA_76ERS,MEMPHIS_GRIZZLIES
178,2018-11-10 20:00:00+00:00,WASHINGTON_WIZARDS,MIAMI_HEAT
179,2018-11-10 20:30:00+00:00,BROOKLYN_NETS,GOLDEN_STATE_WARRIORS
180,2018-11-10 20:30:00+00:00,HOUSTON_ROCKETS,SAN_ANTONIO_SPURS
181,2018-11-10 21:00:00+00:00,OKLAHOMA_CITY_THUNDER,DALLAS_MAVERICKS
182,2018-11-10 22:00:00+00:00,LOS_ANGELES_LAKERS,SACRAMENTO_KINGS
183,2018-11-11 15:30:00+00:00,CHARLOTTE_HORNETS,DETROIT_PISTONS
184,2018-11-11 19:00:00+00:00,INDIANA_PACERS,HOUSTON_ROCKETS
185,2018-11-11 19:30:00+00:00,ORLANDO_MAGIC,NEW_YORK_KNICKS
186,2018-11-11 20:00:00+00:00,MILWAUKEE_BUCKS,DENVER_NUGGETS
187,2018-11-11 21:00:00+00:00,BOSTON_CELTICS,PORTLAND_TRAIL_BLAZERS
188,2018-11-11 21:30:00+00:00,ATLANTA_HAWKS,LOS_ANGELES_LAKERS
189,2018-11-12 19:00:00+00:00,ORLANDO_MAGIC,WASHINGTON_WIZARDS
190,2018-11-12 19:30:00+00:00,PHILADELPHIA_76ERS,MIAMI_HEAT
191,2018-11-12 19:30:00+00:00,NEW_ORLEANS_PELICANS,TORONTO_RAPTORS
192,2018-11-12 20:00:00+00:00,DALLAS_MAVERICKS,CHICAGO_BULLS
193,2018-11-12 20:00:00+00:00,UTAH_JAZZ,MEMPHIS_GRIZZLIES
194,2018-11-12 20:00:00+00:00,BROOKLYN_NETS,MINNESOTA_TIMBERWOLVES
195,2018-11-12 20:00:00+00:00,PHOENIX_SUNS,OKLAHOMA_CITY_THUNDER
196,2018-11-12 22:00:00+00:00,SAN_ANTONIO_SPURS,SACRAMENTO_KINGS
197,2018-11-12 22:30:00+00:00,GOLDEN_STATE_WARRIORS,LOS_ANGELES_CLIPPERS
198,2018-11-13 19:00:00+00:00,CHARLOTTE_HORNETS,CLEVELAND_CAVALIERS
199,2018-11-13 21:00:00+00:00,HOUSTON_ROCKETS,DENVER_NUGGETS
200,2018-11-13 22:30:00+00:00,ATLANTA_HAWKS,GOLDEN_STATE_WARRIORS
201,2018-11-14 19:00:00+00:00,PHILADELPHIA_76ERS,ORLANDO_MAGIC
202,2018-11-14 19:00:00+00:00,CLEVELAND_CAVALIERS,WASHINGTON_WIZARDS
203,2018-11-14 19:30:00+00:00,CHICAGO_BULLS,BOSTON_CELTICS
204,2018-11-14 19:30:00+00:00,MIAMI_HEAT,BROOKLYN_NETS
205,2018-11-14 19:30:00+00:00,DETROIT_PISTONS,TORONTO_RAPTORS
206,2018-11-14 20:00:00+00:00,MEMPHIS_GRIZZLIES,MILWAUKEE_BUCKS
207,2018-11-14 20:00:00+00:00,NEW_ORLEANS_PELICANS,MINNESOTA_TIMBERWOLVES
208,2018-11-14 20:00:00+00:00,NEW_YORK_KNICKS,OKLAHOMA_CITY_THUNDER
209,2018-11-14 20:30:00+00:00,UTAH_JAZZ,DALLAS_MAVERICKS
210,2018-11-14 21:00:00+00:00,SAN_ANTONIO_SPURS,PHOENIX_SUNS
211,2018-11-14 22:30:00+00:00,PORTLAND_TRAIL_BLAZERS,LOS_ANGELES_LAKERS
212,2018-11-15 20:00:00+00:00,GOLDEN_STATE_WARRIORS,HOUSTON_ROCKETS
213,2018-11-15 21:00:00+00:00,ATLANTA_HAWKS,DENVER_NUGGETS
214,2018-11-15 22:30:00+00:00,SAN_ANTONIO_SPURS,LOS_ANGELES_CLIPPERS
215,2018-11-16 19:00:00+00:00,TORONTO_RAPTORS,BOSTON_CELTICS
216,2018-11-16 19:00:00+00:00,MIAMI_HEAT,INDIANA_PACERS
217,2018-11-16 19:00:00+00:00,UTAH_JAZZ,PHILADELPHIA_76ERS
218,2018-11-16 19:00:00+00:00,BROOKLYN_NETS,WASHINGTON_WIZARDS
219,2018-11-16 20:00:00+00:00,SACRAMENTO_KINGS,MEMPHIS_GRIZZLIES
220,2018-11-16 20:00:00+00:00,PORTLAND_TRAIL_BLAZERS,MINNESOTA_TIMBERWOLVES
221,2018-11-16 20:00:00+00:00,NEW_YORK_KNICKS,NEW_ORLEANS_PELICANS
222,2018-11-16 21:30:00+00:00,CHICAGO_BULLS,MILWAUKEE_BUCKS
223,2018-11-17 18:00:00+00:00,LOS_ANGELES_CLIPPERS,BROOKLYN_NETS
224,2018-11-17 19:00:00+00:00,PHILADELPHIA_76ERS,CHARLOTTE_HORNETS
225,2018-11-17 19:00:00+00:00,ATLANTA_HAWKS,INDIANA_PACERS
226,2018-11-17 19:00:00+00:00,DENVER_NUGGETS,NEW_ORLEANS_PELICANS
227,2018-11-17 19:00:00+00:00,LOS_ANGELES_LAKERS,ORLANDO_MAGIC
228,2018-11-17 19:30:00+00:00,UTAH_JAZZ,BOSTON_CELTICS
229,2018-11-17 20:00:00+00:00,TORONTO_RAPTORS,CHICAGO_BULLS
230,2018-11-17 20:00:00+00:00,SACRAMENTO_KINGS,HOUSTON_ROCKETS
231,2018-11-17 20:30:00+00:00,GOLDEN_STATE_WARRIORS,DALLAS_MAVERICKS
232,2018-11-17 21:00:00+00:00,OKLAHOMA_CITY_THUNDER,PHOENIX_SUNS
233,2018-11-18 15:30:00+00:00,MEMPHIS_GRIZZLIES,MINNESOTA_TIMBERWOLVES
234,2018-11-18 18:00:00+00:00,LOS_ANGELES_LAKERS,MIAMI_HEAT
235,2018-11-18 18:00:00+00:00,NEW_YORK_KNICKS,ORLANDO_MAGIC
236,2018-11-18 18:00:00+00:00,PORTLAND_TRAIL_BLAZERS,WASHINGTON_WIZARDS
237,2018-11-18 19:00:00+00:00,GOLDEN_STATE_WARRIORS,SAN_ANTONIO_SPURS
238,2018-11-19 19:00:00+00:00,BOSTON_CELTICS,CHARLOTTE_HORNETS
239,2018-11-19 19:00:00+00:00,CLEVELAND_CAVALIERS,DETROIT_PISTONS
240,2018-11-19 19:00:00+00:00,UTAH_JAZZ,INDIANA_PACERS
241,2018-11-19 19:00:00+00:00,PHOENIX_SUNS,PHILADELPHIA_76ERS
242,2018-11-19 19:30:00+00:00,LOS_ANGELES_CLIPPERS,ATLANTA_HAWKS
243,2018-11-19 20:00:00+00:00,DALLAS_MAVERICKS,MEMPHIS_GRIZZLIES
244,2018-11-19 20:00:00+00:00,DENVER_NUGGETS,MILWAUKEE_BUCKS
245,2018-11-19 20:00:00+00:00,SAN_ANTONIO_SPURS,NEW_ORLEANS_PELICANS
246,2018-11-19 22:00:00+00:00,OKLAHOMA_CITY_THUNDER,SACRAMENTO_KINGS
247,2018-11-20 19:00:00+00:00,TORONTO_RAPTORS,ORLANDO_MAGIC
248,2018-11-20 19:00:00+00:00,LOS_ANGELES_CLIPPERS,WASHINGTON_WIZARDS
249,2018-11-20 19:30:00+00:00,BROOKLYN_NETS,MIAMI_HEAT
250,2018-11-20 19:30:00+00:00,PORTLAND_TRAIL_BLAZERS,NEW_YORK_KNICKS
251,2018-11-21 19:00:00+00:00,INDIANA_PACERS,CHARLOTTE_HORNETS
252,2018-11-21 19:00:00+00:00,NEW_ORLEANS_PELICANS,PHILADELPHIA_76ERS
253,2018-11-21 19:30:00+00:00,TORONTO_RAPTORS,ATLANTA_HAWKS
254,2018-11-21 19:30:00+00:00,NEW_YORK_KNICKS,BOSTON_CELTICS
255,2018-11-21 20:00:00+00:00,PHOENIX_SUNS,CHICAGO_BULLS
256,2018-11-21 20:00:00+00:00,LOS_ANGELES_LAKERS,CLEVELAND_CAVALIERS
257,2018-11-21 20:00:00+00:00,DETROIT_PISTONS,HOUSTON_ROCKETS
258,2018-11-21 20:00:00+00:00,PORTLAND_TRAIL_BLAZERS,MILWAUKEE_BUCKS
259,2018-11-21 20:00:00+00:00,DENVER_NUGGETS,MINNESOTA_TIMBERWOLVES
260,2018-11-21 20:30:00+00:00,BROOKLYN_NETS,DALLAS_MAVERICKS
261,2018-11-21 20:30:00+00:00,MEMPHIS_GRIZZLIES,SAN_ANTONIO_SPURS
262,2018-11-21 21:00:00+00:00,SACRAMENTO_KINGS,UTAH_JAZZ
263,2018-11-21 22:30:00+00:00,OKLAHOMA_CITY_THUNDER,GOLDEN_STATE_WARRIORS
264,2018-11-23 12:00:00+00:00,MINNESOTA_TIMBERWOLVES,BROOKLYN_NETS
265,2018-11-23 15:30:00+00:00,MEMPHIS_GRIZZLIES,LOS_ANGELES_CLIPPERS
266,2018-11-23 19:00:00+00:00,HOUSTON_ROCKETS,DETROIT_PISTONS
267,2018-11-23 19:30:00+00:00,BOSTON_CELTICS,ATLANTA_HAWKS
268,2018-11-23 19:30:00+00:00,NEW_ORLEANS_PELICANS,NEW_YORK_KNICKS
269,2018-11-23 19:30:00+00:00,CLEVELAND_CAVALIERS,PHILADELPHIA_76ERS
270,2018-11-23 19:30:00+00:00,WASHINGTON_WIZARDS,TORONTO_RAPTORS
271,2018-11-23 20:00:00+00:00,MIAMI_HEAT,CHICAGO_BULLS
272,2018-11-23 20:00:00+00:00,SAN_ANTONIO_SPURS,INDIANA_PACERS
273,2018-11-23 20:00:00+00:00,CHARLOTTE_HORNETS,OKLAHOMA_CITY_THUNDER
274,2018-11-23 20:30:00+00:00,PHOENIX_SUNS,MILWAUKEE_BUCKS
275,2018-11-23 21:00:00+00:00,ORLANDO_MAGIC,DENVER_NUGGETS
276,2018-11-23 22:30:00+00:00,PORTLAND_TRAIL_BLAZERS,GOLDEN_STATE_WARRIORS
277,2018-11-23 22:30:00+00:00,UTAH_JAZZ,LOS_ANGELES_LAKERS
278,2018-11-24 19:30:00+00:00,HOUSTON_ROCKETS,CLEVELAND_CAVALIERS
279,2018-11-24 20:00:00+00:00,CHICAGO_BULLS,MINNESOTA_TIMBERWOLVES
280,2018-11-24 20:00:00+00:00,DENVER_NUGGETS,OKLAHOMA_CITY_THUNDER
281,2018-11-24 20:00:00+00:00,NEW_ORLEANS_PELICANS,WASHINGTON_WIZARDS
282,2018-11-24 20:30:00+00:00,BOSTON_CELTICS,DALLAS_MAVERICKS
283,2018-11-24 20:30:00+00:00,SACRAMENTO_KINGS,GOLDEN_STATE_WARRIORS
284,2018-11-24 20:30:00+00:00,SAN_ANTONIO_SPURS,MILWAUKEE_BUCKS
285,2018-11-25 15:30:00+00:00,ORLANDO_MAGIC,LOS_ANGELES_LAKERS
286,2018-11-25 16:00:00+00:00,PHOENIX_SUNS,DETROIT_PISTONS
287,2018-11-25 18:00:00+00:00,CHARLOTTE_HORNETS,ATLANTA_HAWKS
288,2018-11-25 18:00:00+00:00,PHILADELPHIA_76ERS,BROOKLYN_NETS
289,2018-11-25 18:00:00+00:00,NEW_YORK_KNICKS,MEMPHIS_GRIZZLIES
290,2018-11-25 18:00:00+00:00,MIAMI_HEAT,TORONTO_RAPTORS
291,2018-11-25 20:00:00+00:00,UTAH_JAZZ,SACRAMENTO_KINGS
292,2018-11-25 21:00:00+00:00,LOS_ANGELES_CLIPPERS,PORTLAND_TRAIL_BLAZERS
293,2018-11-26 19:00:00+00:00,MILWAUKEE_BUCKS,CHARLOTTE_HORNETS
294,2018-11-26 19:00:00+00:00,MINNESOTA_TIMBERWOLVES,CLEVELAND_CAVALIERS
295,2018-11-26 19:00:00+00:00,HOUSTON_ROCKETS,WASHINGTON_WIZARDS
296,2018-11-26 20:00:00+00:00,SAN_ANTONIO_SPURS,CHICAGO_BULLS
297,2018-11-26 20:00:00+00:00,BOSTON_CELTICS,NEW_ORLEANS_PELICANS
298,2018-11-26 21:00:00+00:00,INDIANA_PACERS,UTAH_JAZZ
299,2018-11-26 22:30:00+00:00,ORLANDO_MAGIC,GOLDEN_STATE_WARRIORS
300,2018-11-27 19:00:00+00:00,NEW_YORK_KNICKS,DETROIT_PISTONS
301,2018-11-27 19:30:00+00:00,ATLANTA_HAWKS,MIAMI_HEAT
302,2018-11-27 20:00:00+00:00,TORONTO_RAPTORS,MEMPHIS_GRIZZLIES
303,2018-11-27 21:00:00+00:00,LOS_ANGELES_LAKERS,DENVER_NUGGETS
304,2018-11-27 21:00:00+00:00,INDIANA_PACERS,PHOENIX_SUNS
305,2018-11-28 19:00:00+00:00,ATLANTA_HAWKS,CHARLOTTE_HORNETS
306,2018-11-28 19:00:00+00:00,NEW_YORK_KNICKS,PHILADELPHIA_76ERS
307,2018-11-28 19:30:00+00:00,UTAH_JAZZ,BROOKLYN_NETS
308,2018-11-28 20:00:00+00:00,DALLAS_MAVERICKS,HOUSTON_ROCKETS
309,2018-11-28 20:00:00+00:00,CHICAGO_BULLS,MILWAUKEE_BUCKS
310,2018-11-28 20:00:00+00:00,SAN_ANTONIO_SPURS,MINNESOTA_TIMBERWOLVES
311,2018-11-28 20:00:00+00:00,WASHINGTON_WIZARDS,NEW_ORLEANS_PELICANS
312,2018-11-28 20:00:00+00:00,CLEVELAND_CAVALIERS,OKLAHOMA_CITY_THUNDER
313,2018-11-28 22:00:00+00:00,ORLANDO_MAGIC,PORTLAND_TRAIL_BLAZERS
314,2018-11-28 22:30:00+00:00,PHOENIX_SUNS,LOS_ANGELES_CLIPPERS
315,2018-11-29 20:00:00+00:00,GOLDEN_STATE_WARRIORS,TORONTO_RAPTORS
316,2018-11-29 22:30:00+00:00,INDIANA_PACERS,LOS_ANGELES_LAKERS
317,2018-11-29 22:30:00+00:00,LOS_ANGELES_CLIPPERS,SACRAMENTO_KINGS
318,2018-11-30 19:00:00+00:00,CLEVELAND_CAVALIERS,BOSTON_CELTICS
319,2018-11-30 19:00:00+00:00,UTAH_JAZZ,CHARLOTTE_HORNETS
320,2018-11-30 19:00:00+00:00,CHICAGO_BULLS,DETROIT_PISTONS
321,2018-11-30 19:00:00+00:00,WASHINGTON_WIZARDS,PHILADELPHIA_76ERS
322,2018-11-30 19:30:00+00:00,MEMPHIS_GRIZZLIES,BROOKLYN_NETS
323,2018-11-30 20:00:00+00:00,NEW_ORLEANS_PELICANS,MIAMI_HEAT
324,2018-11-30 20:00:00+00:00,ATLANTA_HAWKS,OKLAHOMA_CITY_THUNDER
325,2018-11-30 20:00:00+00:00,HOUSTON_ROCKETS,SAN_ANTONIO_SPURS
326,2018-11-30 21:00:00+00:00,ORLANDO_MAGIC,PHOENIX_SUNS
327,2018-11-30 22:30:00+00:00,DALLAS_MAVERICKS,LOS_ANGELES_LAKERS
328,2018-11-30 22:30:00+00:00,DENVER_NUGGETS,PORTLAND_TRAIL_BLAZERS
329,2018-12-01 17:00:00+00:00,MILWAUKEE_BUCKS,NEW_YORK_KNICKS
330,2018-12-01 19:00:00+00:00,GOLDEN_STATE_WARRIORS,DETROIT_PISTONS
331,2018-12-01 19:00:00+00:00,BROOKLYN_NETS,WASHINGTON_WIZARDS
332,2018-12-01 20:00:00+00:00,TORONTO_RAPTORS,CLEVELAND_CAVALIERS
333,2018-12-01 20:00:00+00:00,CHICAGO_BULLS,HOUSTON_ROCKETS
334,2018-12-01 20:00:00+00:00,BOSTON_CELTICS,MINNESOTA_TIMBERWOLVES
335,2018-12-01 22:00:00+00:00,INDIANA_PACERS,SACRAMENTO_KINGS
336,2018-12-02 15:30:00+00:00,PHOENIX_SUNS,LOS_ANGELES_LAKERS
337,2018-12-02 17:00:00+00:00,NEW_ORLEANS_PELICANS,CHARLOTTE_HORNETS
338,2018-12-02 18:00:00+00:00,UTAH_JAZZ,MIAMI_HEAT
339,2018-12-02 18:00:00+00:00,MEMPHIS_GRIZZLIES,PHILADELPHIA_76ERS
340,2018-12-02 19:00:00+00:00,LOS_ANGELES_CLIPPERS,DALLAS_MAVERICKS
341,2018-12-02 19:00:00+00:00,PORTLAND_TRAIL_BLAZERS,SAN_ANTONIO_SPURS
342,2018-12-03 19:00:00+00:00,OKLAHOMA_CITY_THUNDER,DETROIT_PISTONS
343,2018-12-03 19:30:00+00:00,GOLDEN_STATE_WARRIORS,ATLANTA_HAWKS
344,2018-12-03 19:30:00+00:00,CLEVELAND_CAVALIERS,BROOKLYN_NETS
345,2018-12-03 19:30:00+00:00,WASHINGTON_WIZARDS,NEW_YORK_KNICKS
346,2018-12-03 19:30:00+00:00,DENVER_NUGGETS,TORONTO_RAPTORS
347,2018-12-03 20:00:00+00:00,HOUSTON_ROCKETS,MINNESOTA_TIMBERWOLVES
348,2018-12-03 20:00:00+00:00,LOS_ANGELES_CLIPPERS,NEW_ORLEANS_PELICANS
349,2018-12-04 19:00:00+00:00,CHICAGO_BULLS,INDIANA_PACERS
350,2018-12-04 19:30:00+00:00,ORLANDO_MAGIC,MIAMI_HEAT
351,2018-12-04 20:30:00+00:00,PORTLAND_TRAIL_BLAZERS,DALLAS_MAVERICKS
352,2018-12-04 21:00:00+00:00,SACRAMENTO_KINGS,PHOENIX_SUNS
353,2018-12-04 21:00:00+00:00,SAN_ANTONIO_SPURS,UTAH_JAZZ
354,2018-12-05 19:00:00+00:00,GOLDEN_STATE_WARRIORS,CLEVELAND_CAVALIERS
355,2018-12-05 19:00:00+00:00,DENVER_NUGGETS,ORLANDO_MAGIC
356,2018-12-05 19:30:00+00:00,WASHINGTON_WIZARDS,ATLANTA_HAWKS
357,2018-12-05 19:30:00+00:00,OKLAHOMA_CITY_THUNDER,BROOKLYN_NETS
358,2018-12-05 20:00:00+00:00,LOS_ANGELES_CLIPPERS,MEMPHIS_GRIZZLIES
359,2018-12-05 20:00:00+00:00,DETROIT_PISTONS,MILWAUKEE_BUCKS
360,2018-12-05 20:00:00+00:00,CHARLOTTE_HORNETS,MINNESOTA_TIMBERWOLVES
361,2018-12-05 20:00:00+00:00,DALLAS_MAVERICKS,NEW_ORLEANS_PELICANS
362,2018-12-05 20:00:00+00:00,PHILADELPHIA_76ERS,TORONTO_RAPTORS
363,2018-12-05 22:30:00+00:00,SAN_ANTONIO_SPURS,LOS_ANGELES_LAKERS
364,2018-12-06 20:00:00+00:00,NEW_YORK_KNICKS,BOSTON_CELTICS
365,2018-12-06 22:00:00+00:00,PHOENIX_SUNS,PORTLAND_TRAIL_BLAZERS
366,2018-12-06 22:30:00+00:00,HOUSTON_ROCKETS,UTAH_JAZZ
367,2018-12-07 19:00:00+00:00,DENVER_NUGGETS,CHARLOTTE_HORNETS
368,2018-12-07 19:00:00+00:00,PHILADELPHIA_76ERS,DETROIT_PISTONS
369,2018-12-07 19:00:00+00:00,INDIANA_PACERS,ORLANDO_MAGIC
370,2018-12-07 19:30:00+00:00,TORONTO_RAPTORS,BROOKLYN_NETS
371,2018-12-07 19:30:00+00:00,SACRAMENTO_KINGS,CLEVELAND_CAVALIERS
372,2018-12-07 20:00:00+00:00,OKLAHOMA_CITY_THUNDER,CHICAGO_BULLS
373,2018-12-07 20:00:00+00:00,MEMPHIS_GRIZZLIES,NEW_ORLEANS_PELICANS
374,2018-12-07 20:30:00+00:00,LOS_ANGELES_LAKERS,SAN_ANTONIO_SPURS
375,2018-12-07 21:00:00+00:00,MIAMI_HEAT,PHOENIX_SUNS
376,2018-12-07 21:30:00+00:00,GOLDEN_STATE_WARRIORS,MILWAUKEE_BUCKS
377,2018-12-08 18:00:00+00:00,HOUSTON_ROCKETS,DALLAS_MAVERICKS
378,2018-12-08 19:00:00+00:00,SACRAMENTO_KINGS,INDIANA_PACERS
379,2018-12-08 19:30:00+00:00,DENVER_NUGGETS,ATLANTA_HAWKS
380,2018-12-08 19:30:00+00:00,WASHINGTON_WIZARDS,CLEVELAND_CAVALIERS
381,2018-12-08 19:30:00+00:00,BROOKLYN_NETS,NEW_YORK_KNICKS
382,2018-12-08 20:00:00+00:00,BOSTON_CELTICS,CHICAGO_BULLS
383,2018-12-08 20:00:00+00:00,LOS_ANGELES_LAKERS,MEMPHIS_GRIZZLIES
384,2018-12-08 22:00:00+00:00,MINNESOTA_TIMBERWOLVES,PORTLAND_TRAIL_BLAZERS
385,2018-12-08 22:30:00+00:00,MIAMI_HEAT,LOS_ANGELES_CLIPPERS
386,2018-12-09 15:30:00+00:00,NEW_ORLEANS_PELICANS,DETROIT_PISTONS
387,2018-12-09 18:00:00+00:00,MILWAUKEE_BUCKS,TORONTO_RAPTORS
388,2018-12-09 19:00:00+00:00,UTAH_JAZZ,SAN_ANTONIO_SPURS
389,2018-12-09 19:30:00+00:00,CHARLOTTE_HORNETS,NEW_YORK_KNICKS
390,2018-12-10 19:00:00+00:00,WASHINGTON_WIZARDS,INDIANA_PACERS
391,2018-12-10 19:00:00+00:00,DETROIT_PISTONS,PHILADELPHIA_76ERS
392,2018-12-10 19:30:00+00:00,NEW_ORLEANS_PELICANS,BOSTON_CELTICS
393,2018-12-10 20:00:00+00:00,SACRAMENTO_KINGS,CHICAGO_BULLS
394,2018-12-10 20:00:00+00:00,CLEVELAND_CAVALIERS,MILWAUKEE_BUCKS
395,2018-12-10 20:00:00+00:00,UTAH_JAZZ,OKLAHOMA_CITY_THUNDER
396,2018-12-10 20:30:00+00:00,ORLANDO_MAGIC,DALLAS_MAVERICKS
397,2018-12-10 21:00:00+00:00,MEMPHIS_GRIZZLIES,DENVER_NUGGETS
398,2018-12-10 21:00:00+00:00,LOS_ANGELES_CLIPPERS,PHOENIX_SUNS
399,2018-12-10 22:30:00+00:00,MINNESOTA_TIMBERWOLVES,GOLDEN_STATE_WARRIORS
400,2018-12-10 22:30:00+00:00,MIAMI_HEAT,LOS_ANGELES_LAKERS
401,2018-12-11 20:00:00+00:00,PORTLAND_TRAIL_BLAZERS,HOUSTON_ROCKETS
402,2018-12-11 20:30:00+00:00,PHOENIX_SUNS,SAN_ANTONIO_SPURS
403,2018-12-11 22:30:00+00:00,TORONTO_RAPTORS,LOS_ANGELES_CLIPPERS
404,2018-12-12 19:00:00+00:00,DETROIT_PISTONS,CHARLOTTE_HORNETS
405,2018-12-12 19:00:00+00:00,NEW_YORK_KNICKS,CLEVELAND_CAVALIERS
406,2018-12-12 19:00:00+00:00,MILWAUKEE_BUCKS,INDIANA_PACERS
407,2018-12-12 19:00:00+00:00,BROOKLYN_NETS,PHILADELPHIA_76ERS
408,2018-12-12 19:00:00+00:00,BOSTON_CELTICS,WASHINGTON_WIZARDS
409,2018-12-12 20:00:00+00:00,PORTLAND_TRAIL_BLAZERS,MEMPHIS_GRIZZLIES
410,2018-12-12 20:00:00+00:00,OKLAHOMA_CITY_THUNDER,NEW_ORLEANS_PELICANS
411,2018-12-12 20:30:00+00:00,ATLANTA_HAWKS,DALLAS_MAVERICKS
412,2018-12-12 21:00:00+00:00,MIAMI_HEAT,UTAH_JAZZ
413,2018-12-12 22:00:00+00:00,MINNESOTA_TIMBERWOLVES,SACRAMENTO_KINGS
414,2018-12-12 22:30:00+00:00,TORONTO_RAPTORS,GOLDEN_STATE_WARRIORS
415,2018-12-13 20:00:00+00:00,LOS_ANGELES_LAKERS,HOUSTON_ROCKETS
416,2018-12-13 20:30:00+00:00,LOS_ANGELES_CLIPPERS,SAN_ANTONIO_SPURS
417,2018-12-13 21:30:00+00:00,CHICAGO_BULLS,ORLANDO_MAGIC
418,2018-12-13 22:30:00+00:00,DALLAS_MAVERICKS,PHOENIX_SUNS
419,2018-12-14 19:00:00+00:00,ATLANTA_HAWKS,BOSTON_CELTICS
420,2018-12-14 19:00:00+00:00,NEW_YORK_KNICKS,CHARLOTTE_HORNETS
421,2018-12-14 19:30:00+00:00,WASHINGTON_WIZARDS,BROOKLYN_NETS
422,2018-12-14 19:30:00+00:00,MILWAUKEE_BUCKS,CLEVELAND_CAVALIERS
423,2018-12-14 19:30:00+00:00,INDIANA_PACERS,PHILADELPHIA_76ERS
424,2018-12-14 20:00:00+00:00,MIAMI_HEAT,MEMPHIS_GRIZZLIES
425,2018-12-14 22:00:00+00:00,OKLAHOMA_CITY_THUNDER,DENVER_NUGGETS
426,2018-12-14 22:00:00+00:00,TORONTO_RAPTORS,PORTLAND_TRAIL_BLAZERS
427,2018-12-14 22:00:00+00:00,GOLDEN_STATE_WARRIORS,SACRAMENTO_KINGS
428,2018-12-15 17:00:00+00:00,UTAH_JAZZ,ORLANDO_MAGIC
429,2018-12-15 19:00:00+00:00,LOS_ANGELES_LAKERS,CHARLOTTE_HORNETS
430,2018-12-15 19:00:00+00:00,BOSTON_CELTICS,DETROIT_PISTONS
431,2018-12-15 20:00:00+00:00,HOUSTON_ROCKETS,MEMPHIS_GRIZZLIES
432,2018-12-15 20:30:00+00:00,CHICAGO_BULLS,SAN_ANTONIO_SPURS
433,2018-12-15 21:00:00+00:00,LOS_ANGELES_CLIPPERS,OKLAHOMA_CITY_THUNDER
434,2018-12-15 21:00:00+00:00,MINNESOTA_TIMBERWOLVES,PHOENIX_SUNS
435,2018-12-16 15:00:00+00:00,ATLANTA_HAWKS,BROOKLYN_NETS
436,2018-12-16 15:30:00+00:00,PHILADELPHIA_76ERS,CLEVELAND_CAVALIERS
437,2018-12-16 17:00:00+00:00,NEW_YORK_KNICKS,INDIANA_PACERS
438,2018-12-16 18:00:00+00:00,LOS_ANGELES_LAKERS,WASHINGTON_WIZARDS
439,2018-12-16 19:00:00+00:00,SACRAMENTO_KINGS,DALLAS_MAVERICKS
440,2018-12-16 19:00:00+00:00,MIAMI_HEAT,NEW_ORLEANS_PELICANS
441,2018-12-16 20:00:00+00:00,TORONTO_RAPTORS,DENVER_NUGGETS
442,2018-12-17 19:00:00+00:00,MILWAUKEE_BUCKS,DETROIT_PISTONS
443,2018-12-17 19:30:00+00:00,PHOENIX_SUNS,NEW_YORK_KNICKS
444,2018-12-17 20:00:00+00:00,UTAH_JAZZ,HOUSTON_ROCKETS
445,2018-12-17 20:00:00+00:00,SACRAMENTO_KINGS,MINNESOTA_TIMBERWOLVES
446,2018-12-17 20:00:00+00:00,CHICAGO_BULLS,OKLAHOMA_CITY_THUNDER
447,2018-12-17 20:30:00+00:00,PHILADELPHIA_76ERS,SAN_ANTONIO_SPURS
448,2018-12-17 22:30:00+00:00,MEMPHIS_GRIZZLIES,GOLDEN_STATE_WARRIORS
449,2018-12-17 22:30:00+00:00,PORTLAND_TRAIL_BLAZERS,LOS_ANGELES_CLIPPERS
450,2018-12-18 19:00:00+00:00,CLEVELAND_CAVALIERS,INDIANA_PACERS
451,2018-12-18 19:30:00+00:00,WASHINGTON_WIZARDS,ATLANTA_HAWKS
452,2018-12-18 19:30:00+00:00,LOS_ANGELES_LAKERS,BROOKLYN_NETS
453,2018-12-18 21:00:00+00:00,DALLAS_MAVERICKS,DENVER_NUGGETS
454,2018-12-19 19:00:00+00:00,CLEVELAND_CAVALIERS,CHARLOTTE_HORNETS
455,2018-12-19 19:00:00+00:00,SAN_ANTONIO_SPURS,ORLANDO_MAGIC
456,2018-12-19 19:00:00+00:00,NEW_YORK_KNICKS,PHILADELPHIA_76ERS
457,2018-12-19 19:30:00+00:00,PHOENIX_SUNS,BOSTON_CELTICS
458,2018-12-19 19:30:00+00:00,INDIANA_PACERS,TORONTO_RAPTORS
459,2018-12-19 20:00:00+00:00,BROOKLYN_NETS,CHICAGO_BULLS
460,2018-12-19 20:00:00+00:00,WASHINGTON_WIZARDS,HOUSTON_ROCKETS
461,2018-12-19 20:00:00+00:00,NEW_ORLEANS_PELICANS,MILWAUKEE_BUCKS
462,2018-12-19 20:00:00+00:00,DETROIT_PISTONS,MINNESOTA_TIMBERWOLVES
463,2018-12-19 21:00:00+00:00,GOLDEN_STATE_WARRIORS,UTAH_JAZZ
464,2018-12-19 22:00:00+00:00,MEMPHIS_GRIZZLIES,PORTLAND_TRAIL_BLAZERS
465,2018-12-19 22:00:00+00:00,OKLAHOMA_CITY_THUNDER,SACRAMENTO_KINGS
466,2018-12-20 20:00:00+00:00,HOUSTON_ROCKETS,MIAMI_HEAT
467,2018-12-20 22:30:00+00:00,DALLAS_MAVERICKS,LOS_ANGELES_CLIPPERS
468,2018-12-21 19:00:00+00:00,DETROIT_PISTONS,CHARLOTTE_HORNETS
469,2018-12-21 19:00:00+00:00,CLEVELAND_CAVALIERS,TORONTO_RAPTORS
470,2018-12-21 19:30:00+00:00,INDIANA_PACERS,BROOKLYN_NETS
471,2018-12-21 19:30:00+00:00,ATLANTA_HAWKS,NEW_YORK_KNICKS
472,2018-12-21 20:00:00+00:00,MILWAUKEE_BUCKS,BOSTON_CELTICS
473,2018-12-21 20:00:00+00:00,ORLANDO_MAGIC,CHICAGO_BULLS
474,2018-12-21 20:30:00+00:00,MINNESOTA_TIMBERWOLVES,SAN_ANTONIO_SPURS
475,2018-12-21 22:00:00+00:00,UTAH_JAZZ,PORTLAND_TRAIL_BLAZERS
476,2018-12-21 22:00:00+00:00,MEMPHIS_GRIZZLIES,SACRAMENTO_KINGS
477,2018-12-21 22:30:00+00:00,NEW_ORLEANS_PELICANS,LOS_ANGELES_LAKERS
478,2018-12-22 17:00:00+00:00,DENVER_NUGGETS,LOS_ANGELES_CLIPPERS
479,2018-12-22 19:00:00+00:00,PHOENIX_SUNS,WASHINGTON_WIZARDS
480,2018-12-22 19:30:00+00:00,TORONTO_RAPTORS,PHILADELPHIA_76ERS
481,2018-12-22 20:00:00+00:00,SAN_ANTONIO_SPURS,HOUSTON_ROCKETS
482,2018-12-22 20:00:00+00:00,MILWAUKEE_BUCKS,MIAMI_HEAT
483,2018-12-22 20:30:00+00:00,DALLAS_MAVERICKS,GOLDEN_STATE_WARRIORS
484,2018-12-22 21:00:00+00:00,OKLAHOMA_CITY_THUNDER,UTAH_JAZZ
485,2018-12-23 16:00:00+00:00,ATLANTA_HAWKS,DETROIT_PISTONS
486,2018-12-23 17:00:00+00:00,WASHINGTON_WIZARDS,INDIANA_PACERS
487,2018-12-23 18:00:00+00:00,CHARLOTTE_HORNETS,BOSTON_CELTICS
488,2018-12-23 18:00:00+00:00,PHOENIX_SUNS,BROOKLYN_NETS
489,2018-12-23 18:00:00+00:00,CHICAGO_BULLS,CLEVELAND_CAVALIERS
490,2018-12-23 18:00:00+00:00,MIAMI_HEAT,ORLANDO_MAGIC
491,2018-12-23 18:00:00+00:00,NEW_ORLEANS_PELICANS,SACRAMENTO_KINGS
492,2018-12-23 20:00:00+00:00,MINNESOTA_TIMBERWOLVES,OKLAHOMA_CITY_THUNDER
493,2018-12-23 20:30:00+00:00,LOS_ANGELES_CLIPPERS,GOLDEN_STATE_WARRIORS
494,2018-12-23 21:00:00+00:00,DALLAS_MAVERICKS,PORTLAND_TRAIL_BLAZERS
495,2018-12-23 21:30:00+00:00,MEMPHIS_GRIZZLIES,LOS_ANGELES_LAKERS
496,2018-12-25 12:00:00+00:00,MILWAUKEE_BUCKS,NEW_YORK_KNICKS
497,2018-12-25 15:00:00+00:00,OKLAHOMA_CITY_THUNDER,HOUSTON_ROCKETS
498,2018-12-25 17:30:00+00:00,PHILADELPHIA_76ERS,BOSTON_CELTICS
499,2018-12-25 20:00:00+00:00,LOS_ANGELES_LAKERS,GOLDEN_STATE_WARRIORS
500,2018-12-25 22:30:00+00:00,PORTLAND_TRAIL_BLAZERS,UTAH_JAZZ
501,2018-12-26 19:00:00+00:00,WASHINGTON_WIZARDS,DETROIT_PISTONS
502,2018-12-26 19:00:00+00:00,PHOENIX_SUNS,ORLANDO_MAGIC
503,2018-12-26 19:30:00+00:00,INDIANA_PACERS,ATLANTA_HAWKS
504,2018-12-26 19:30:00+00:00,CHARLOTTE_HORNETS,BROOKLYN_NETS
505,2018-12-26 19:30:00+00:00,TORONTO_RAPTORS,MIAMI_HEAT
506,2018-12-26 20:00:00+00:00,MINNESOTA_TIMBERWOLVES,CHICAGO_BULLS
507,2018-12-26 20:00:00+00:00,CLEVELAND_CAVALIERS,MEMPHIS_GRIZZLIES
508,2018-12-26 20:30:00+00:00,NEW_ORLEANS_PELICANS,DALLAS_MAVERICKS
509,2018-12-26 20:30:00+00:00,DENVER_NUGGETS,SAN_ANTONIO_SPURS
510,2018-12-26 22:30:00+00:00,SACRAMENTO_KINGS,LOS_ANGELES_CLIPPERS
511,2018-12-27 20:00:00+00:00,BOSTON_CELTICS,HOUSTON_ROCKETS
512,2018-12-27 20:00:00+00:00,NEW_YORK_KNICKS,MILWAUKEE_BUCKS
513,2018-12-27 22:00:00+00:00,LOS_ANGELES_LAKERS,SACRAMENTO_KINGS
514,2018-12-27 22:30:00+00:00,PORTLAND_TRAIL_BLAZERS,GOLDEN_STATE_WARRIORS
515,2018-12-27 22:30:00+00:00,PHILADELPHIA_76ERS,UTAH_JAZZ
516,2018-12-28 19:00:00+00:00,BROOKLYN_NETS,CHARLOTTE_HORNETS
517,2018-12-28 19:00:00+00:00,DETROIT_PISTONS,INDIANA_PACERS
518,2018-12-28 19:00:00+00:00,TORONTO_RAPTORS,ORLANDO_MAGIC
519,2018-12-28 19:00:00+00:00,CHICAGO_BULLS,WASHINGTON_WIZARDS
520,2018-12-28 20:00:00+00:00,CLEVELAND_CAVALIERS,MIAMI_HEAT
521,2018-12-28 20:00:00+00:00,ATLANTA_HAWKS,MINNESOTA_TIMBERWOLVES
522,2018-12-28 20:00:00+00:00,DALLAS_MAVERICKS,NEW_ORLEANS_PELICANS
523,2018-12-28 21:00:00+00:00,SAN_ANTONIO_SPURS,DENVER_NUGGETS
524,2018-12-28 21:00:00+00:00,OKLAHOMA_CITY_THUNDER,PHOENIX_SUNS
525,2018-12-28 22:30:00+00:00,LOS_ANGELES_CLIPPERS,LOS_ANGELES_LAKERS
526,2018-12-29 17:00:00+00:00,BROOKLYN_NETS,MILWAUKEE_BUCKS
527,2018-12-29 19:00:00+00:00,HOUSTON_ROCKETS,NEW_ORLEANS_PELICANS
528,2018-12-29 19:00:00+00:00,CHARLOTTE_HORNETS,WASHINGTON_WIZARDS
529,2018-12-29 19:30:00+00:00,CLEVELAND_CAVALIERS,ATLANTA_HAWKS
530,2018-12-29 20:00:00+00:00,BOSTON_CELTICS,MEMPHIS_GRIZZLIES
531,2018-12-29 20:00:00+00:00,NEW_YORK_KNICKS,UTAH_JAZZ
532,2018-12-29 21:00:00+00:00,DENVER_NUGGETS,PHOENIX_SUNS
533,2018-12-29 22:00:00+00:00,GOLDEN_STATE_WARRIORS,PORTLAND_TRAIL_BLAZERS
534,2018-12-29 22:30:00+00:00,SAN_ANTONIO_SPURS,LOS_ANGELES_CLIPPERS
535,2018-12-30 15:30:00+00:00,DETROIT_PISTONS,ORLANDO_MAGIC
536,2018-12-30 18:00:00+00:00,MINNESOTA_TIMBERWOLVES,MIAMI_HEAT
537,2018-12-30 18:00:00+00:00,CHICAGO_BULLS,TORONTO_RAPTORS
538,2018-12-30 19:00:00+00:00,OKLAHOMA_CITY_THUNDER,DALLAS_MAVERICKS
539,2018-12-30 21:00:00+00:00,PHILADELPHIA_76ERS,PORTLAND_TRAIL_BLAZERS
540,2018-12-30 21:30:00+00:00,SACRAMENTO_KINGS,LOS_ANGELES_LAKERS
541,2018-12-31 15:00:00+00:00,ATLANTA_HAWKS,INDIANA_PACERS
542,2018-12-31 18:00:00+00:00,ORLANDO_MAGIC,CHARLOTTE_HORNETS
543,2018-12-31 19:00:00+00:00,MEMPHIS_GRIZZLIES,HOUSTON_ROCKETS
544,2018-12-31 19:00:00+00:00,BOSTON_CELTICS,SAN_ANTONIO_SPURS
545,2018-12-31 20:00:00+00:00,MINNESOTA_TIMBERWOLVES,NEW_ORLEANS_PELICANS
546,2018-12-31 20:00:00+00:00,DALLAS_MAVERICKS,OKLAHOMA_CITY_THUNDER
547,2018-12-31 21:00:00+00:00,GOLDEN_STATE_WARRIORS,PHOENIX_SUNS
548,2019-01-01 19:30:00+00:00,UTAH_JAZZ,TORONTO_RAPTORS
549,2019-01-01 20:00:00+00:00,DETROIT_PISTONS,MILWAUKEE_BUCKS
550,2019-01-01 21:00:00+00:00,NEW_YORK_KNICKS,DENVER_NUGGETS
551,2019-01-01 21:00:00+00:00,PORTLAND_TRAIL_BLAZERS,SACRAMENTO_KINGS
552,2019-01-01 22:30:00+00:00,PHILADELPHIA_76ERS,LOS_ANGELES_CLIPPERS
553,2019-01-02 19:00:00+00:00,DALLAS_MAVERICKS,CHARLOTTE_HORNETS
554,2019-01-02 19:00:00+00:00,MIAMI_HEAT,CLEVELAND_CAVALIERS
555,2019-01-02 19:00:00+00:00,ATLANTA_HAWKS,WASHINGTON_WIZARDS
556,2019-01-02 19:30:00+00:00,NEW_ORLEANS_PELICANS,BROOKLYN_NETS
557,2019-01-02 20:00:00+00:00,MINNESOTA_TIMBERWOLVES,BOSTON_CELTICS
558,2019-01-02 20:00:00+00:00,ORLANDO_MAGIC,CHICAGO_BULLS
559,2019-01-02 20:00:00+00:00,DETROIT_PISTONS,MEMPHIS_GRIZZLIES
560,2019-01-02 21:00:00+00:00,PHILADELPHIA_76ERS,PHOENIX_SUNS
561,2019-01-02 22:30:00+00:00,OKLAHOMA_CITY_THUNDER,LOS_ANGELES_LAKERS
562,2019-01-03 20:00:00+00:00,TORONTO_RAPTORS,SAN_ANTONIO_SPURS
563,2019-01-03 22:00:00+00:00,DENVER_NUGGETS,SACRAMENTO_KINGS
564,2019-01-03 22:30:00+00:00,HOUSTON_ROCKETS,GOLDEN_STATE_WARRIORS
565,2019-01-04 19:30:00+00:00,UTAH_JAZZ,CLEVELAND_CAVALIERS
566,2019-01-04 20:00:00+00:00,DALLAS_MAVERICKS,BOSTON_CELTICS
567,2019-01-04 20:00:00+00:00,INDIANA_PACERS,CHICAGO_BULLS
568,2019-01-04 20:00:00+00:00,BROOKLYN_NETS,MEMPHIS_GRIZZLIES
569,2019-01-04 20:00:00+00:00,WASHINGTON_WIZARDS,MIAMI_HEAT
570,2019-01-04 20:00:00+00:00,ORLANDO_MAGIC,MINNESOTA_TIMBERWOLVES
571,2019-01-04 20:30:00+00:00,ATLANTA_HAWKS,MILWAUKEE_BUCKS
572,2019-01-04 21:00:00+00:00,LOS_ANGELES_CLIPPERS,PHOENIX_SUNS
573,2019-01-04 22:30:00+00:00,NEW_YORK_KNICKS,LOS_ANGELES_LAKERS
574,2019-01-04 22:30:00+00:00,OKLAHOMA_CITY_THUNDER,PORTLAND_TRAIL_BLAZERS
575,2019-01-05 17:00:00+00:00,CHARLOTTE_HORNETS,DENVER_NUGGETS
576,2019-01-05 19:00:00+00:00,UTAH_JAZZ,DETROIT_PISTONS
577,2019-01-05 19:30:00+00:00,DALLAS_MAVERICKS,PHILADELPHIA_76ERS
578,2019-01-05 20:00:00+00:00,NEW_ORLEANS_PELICANS,CLEVELAND_CAVALIERS
579,2019-01-05 20:30:00+00:00,TORONTO_RAPTORS,MILWAUKEE_BUCKS
580,2019-01-05 20:30:00+00:00,MEMPHIS_GRIZZLIES,SAN_ANTONIO_SPURS
581,2019-01-05 22:00:00+00:00,HOUSTON_ROCKETS,PORTLAND_TRAIL_BLAZERS
582,2019-01-05 22:00:00+00:00,GOLDEN_STATE_WARRIORS,SACRAMENTO_KINGS
583,2019-01-06 15:30:00+00:00,BROOKLYN_NETS,CHICAGO_BULLS
584,2019-01-06 15:30:00+00:00,ORLANDO_MAGIC,LOS_ANGELES_CLIPPERS
585,2019-01-06 15:30:00+00:00,LOS_ANGELES_LAKERS,MINNESOTA_TIMBERWOLVES
586,2019-01-06 18:00:00+00:00,MIAMI_HEAT,ATLANTA_HAWKS
587,2019-01-06 19:00:00+00:00,WASHINGTON_WIZARDS,OKLAHOMA_CITY_THUNDER
588,2019-01-06 19:30:00+00:00,INDIANA_PACERS,TORONTO_RAPTORS
589,2019-01-06 20:00:00+00:00,CHARLOTTE_HORNETS,PHOENIX_SUNS
590,2019-01-07 19:00:00+00:00,SAN_ANTONIO_SPURS,DETROIT_PISTONS
591,2019-01-07 19:30:00+00:00,BROOKLYN_NETS,BOSTON_CELTICS
592,2019-01-07 20:00:00+00:00,DENVER_NUGGETS,HOUSTON_ROCKETS
593,2019-01-07 20:00:00+00:00,UTAH_JAZZ,MILWAUKEE_BUCKS
594,2019-01-07 20:00:00+00:00,MEMPHIS_GRIZZLIES,NEW_ORLEANS_PELICANS
595,2019-01-07 20:30:00+00:00,LOS_ANGELES_LAKERS,DALLAS_MAVERICKS
596,2019-01-07 22:00:00+00:00,NEW_YORK_KNICKS,PORTLAND_TRAIL_BLAZERS
597,2019-01-07 22:00:00+00:00,ORLANDO_MAGIC,SACRAMENTO_KINGS
598,2019-01-08 19:00:00+00:00,INDIANA_PACERS,CLEVELAND_CAVALIERS
599,2019-01-08 19:00:00+00:00,WASHINGTON_WIZARDS,PHILADELPHIA_76ERS
600,2019-01-08 19:30:00+00:00,DENVER_NUGGETS,MIAMI_HEAT
601,2019-01-08 19:30:00+00:00,ATLANTA_HAWKS,TORONTO_RAPTORS
602,2019-01-08 20:00:00+00:00,MINNESOTA_TIMBERWOLVES,OKLAHOMA_CITY_THUNDER
603,2019-01-08 21:00:00+00:00,SACRAMENTO_KINGS,PHOENIX_SUNS
604,2019-01-08 22:30:00+00:00,NEW_YORK_KNICKS,GOLDEN_STATE_WARRIORS
605,2019-01-08 22:30:00+00:00,CHARLOTTE_HORNETS,LOS_ANGELES_CLIPPERS
606,2019-01-09 19:00:00+00:00,INDIANA_PACERS,BOSTON_CELTICS
607,2019-01-09 19:00:00+00:00,PHILADELPHIA_76ERS,WASHINGTON_WIZARDS
608,2019-01-09 19:30:00+00:00,ATLANTA_HAWKS,BROOKLYN_NETS
609,2019-01-09 20:00:00+00:00,MILWAUKEE_BUCKS,HOUSTON_ROCKETS
610,2019-01-09 20:00:00+00:00,SAN_ANTONIO_SPURS,MEMPHIS_GRIZZLIES
611,2019-01-09 20:00:00+00:00,CLEVELAND_CAVALIERS,NEW_ORLEANS_PELICANS
612,2019-01-09 20:30:00+00:00,PHOENIX_SUNS,DALLAS_MAVERICKS
613,2019-01-09 21:00:00+00:00,ORLANDO_MAGIC,UTAH_JAZZ
614,2019-01-09 22:00:00+00:00,CHICAGO_BULLS,PORTLAND_TRAIL_BLAZERS
615,2019-01-09 22:30:00+00:00,DETROIT_PISTONS,LOS_ANGELES_LAKERS
616,2019-01-10 19:00:00+00:00,BOSTON_CELTICS,MIAMI_HEAT
617,2019-01-10 21:00:00+00:00,LOS_ANGELES_CLIPPERS,DENVER_NUGGETS
618,2019-01-10 21:30:00+00:00,OKLAHOMA_CITY_THUNDER,SAN_ANTONIO_SPURS
619,2019-01-10 22:00:00+00:00,DETROIT_PISTONS,SACRAMENTO_KINGS
620,2019-01-11 19:00:00+00:00,ATLANTA_HAWKS,PHILADELPHIA_76ERS
621,2019-01-11 19:00:00+00:00,MILWAUKEE_BUCKS,WASHINGTON_WIZARDS
622,2019-01-11 19:30:00+00:00,INDIANA_PACERS,NEW_YORK_KNICKS
623,2019-01-11 19:30:00+00:00,BROOKLYN_NETS,TORONTO_RAPTORS
624,2019-01-11 20:00:00+00:00,CLEVELAND_CAVALIERS,HOUSTON_ROCKETS
625,2019-01-11 20:00:00+00:00,DALLAS_MAVERICKS,MINNESOTA_TIMBERWOLVES
626,2019-01-11 22:00:00+00:00,CHARLOTTE_HORNETS,PORTLAND_TRAIL_BLAZERS
627,2019-01-11 22:00:00+00:00,LOS_ANGELES_LAKERS,UTAH_JAZZ
628,2019-01-11 22:30:00+00:00,CHICAGO_BULLS,GOLDEN_STATE_WARRIORS
629,2019-01-12 15:30:00+00:00,DETROIT_PISTONS,LOS_ANGELES_CLIPPERS
630,2019-01-12 17:00:00+00:00,MEMPHIS_GRIZZLIES,MIAMI_HEAT
631,2019-01-12 19:00:00+00:00,BOSTON_CELTICS,ORLANDO_MAGIC
632,2019-01-12 20:00:00+00:00,NEW_ORLEANS_PELICANS,MINNESOTA_TIMBERWOLVES
633,2019-01-12 20:00:00+00:00,SAN_ANTONIO_SPURS,OKLAHOMA_CITY_THUNDER
634,2019-01-12 21:00:00+00:00,DENVER_NUGGETS,PHOENIX_SUNS
635,2019-01-12 22:00:00+00:00,CHARLOTTE_HORNETS,SACRAMENTO_KINGS
636,2019-01-12 22:00:00+00:00,CHICAGO_BULLS,UTAH_JAZZ
637,2019-01-13 13:00:00+00:00,PHILADELPHIA_76ERS,NEW_YORK_KNICKS
638,2019-01-13 13:00:00+00:00,TORONTO_RAPTORS,WASHINGTON_WIZARDS
639,2019-01-13 15:30:00+00:00,MILWAUKEE_BUCKS,ATLANTA_HAWKS
640,2019-01-13 18:00:00+00:00,HOUSTON_ROCKETS,ORLANDO_MAGIC
641,2019-01-13 19:00:00+00:00,GOLDEN_STATE_WARRIORS,DALLAS_MAVERICKS
642,2019-01-13 20:00:00+00:00,PORTLAND_TRAIL_BLAZERS,DENVER_NUGGETS
643,2019-01-13 21:30:00+00:00,CLEVELAND_CAVALIERS,LOS_ANGELES_LAKERS
644,2019-01-14 19:30:00+00:00,BOSTON_CELTICS,BROOKLYN_NETS
645,2019-01-14 20:00:00+00:00,MEMPHIS_GRIZZLIES,HOUSTON_ROCKETS
646,2019-01-14 20:30:00+00:00,CHARLOTTE_HORNETS,SAN_ANTONIO_SPURS
647,2019-01-14 21:00:00+00:00,DETROIT_PISTONS,UTAH_JAZZ
648,2019-01-14 22:00:00+00:00,PORTLAND_TRAIL_BLAZERS,SACRAMENTO_KINGS
649,2019-01-14 22:30:00+00:00,NEW_ORLEANS_PELICANS,LOS_ANGELES_CLIPPERS
650,2019-01-15 19:00:00+00:00,PHOENIX_SUNS,INDIANA_PACERS
651,2019-01-15 19:00:00+00:00,MINNESOTA_TIMBERWOLVES,PHILADELPHIA_76ERS
652,2019-01-15 19:30:00+00:00,OKLAHOMA_CITY_THUNDER,ATLANTA_HAWKS
653,2019-01-15 20:00:00+00:00,MIAMI_HEAT,MILWAUKEE_BUCKS
654,2019-01-15 21:00:00+00:00,GOLDEN_STATE_WARRIORS,DENVER_NUGGETS
655,2019-01-15 22:30:00+00:00,CHICAGO_BULLS,LOS_ANGELES_LAKERS
656,2019-01-16 19:00:00+00:00,ORLANDO_MAGIC,DETROIT_PISTONS
657,2019-01-16 20:00:00+00:00,TORONTO_RAPTORS,BOSTON_CELTICS
658,2019-01-16 20:00:00+00:00,BROOKLYN_NETS,HOUSTON_ROCKETS
659,2019-01-16 20:00:00+00:00,MILWAUKEE_BUCKS,MEMPHIS_GRIZZLIES
660,2019-01-16 20:30:00+00:00,SAN_ANTONIO_SPURS,DALLAS_MAVERICKS
661,2019-01-16 22:00:00+00:00,CLEVELAND_CAVALIERS,PORTLAND_TRAIL_BLAZERS
662,2019-01-16 22:30:00+00:00,NEW_ORLEANS_PELICANS,GOLDEN_STATE_WARRIORS
663,2019-01-16 22:30:00+00:00,UTAH_JAZZ,LOS_ANGELES_CLIPPERS
664,2019-01-17 15:00:00+00:00,NEW_YORK_KNICKS,WASHINGTON_WIZARDS
665,2019-01-17 19:00:00+00:00,SACRAMENTO_KINGS,CHARLOTTE_HORNETS
666,2019-01-17 19:00:00+00:00,PHILADELPHIA_76ERS,INDIANA_PACERS
667,2019-01-17 19:30:00+00:00,PHOENIX_SUNS,TORONTO_RAPTORS
668,2019-01-17 21:00:00+00:00,CHICAGO_BULLS,DENVER_NUGGETS
669,2019-01-17 21:30:00+00:00,LOS_ANGELES_LAKERS,OKLAHOMA_CITY_THUNDER
670,2019-01-18 19:00:00+00:00,MEMPHIS_GRIZZLIES,BOSTON_CELTICS
671,2019-01-18 19:00:00+00:00,MIAMI_HEAT,DETROIT_PISTONS
672,2019-01-18 19:00:00+00:00,BROOKLYN_NETS,ORLANDO_MAGIC
673,2019-01-18 20:00:00+00:00,SAN_ANTONIO_SPURS,MINNESOTA_TIMBERWOLVES
674,2019-01-18 21:00:00+00:00,CLEVELAND_CAVALIERS,UTAH_JAZZ
675,2019-01-18 22:30:00+00:00,GOLDEN_STATE_WARRIORS,LOS_ANGELES_CLIPPERS
676,2019-01-18 22:30:00+00:00,NEW_ORLEANS_PELICANS,PORTLAND_TRAIL_BLAZERS
677,2019-01-19 15:30:00+00:00,OKLAHOMA_CITY_THUNDER,PHILADELPHIA_76ERS
678,2019-01-19 17:00:00+00:00,PHOENIX_SUNS,CHARLOTTE_HORNETS
679,2019-01-19 19:00:00+00:00,SACRAMENTO_KINGS,DETROIT_PISTONS
680,2019-01-19 19:00:00+00:00,DALLAS_MAVERICKS,INDIANA_PACERS
681,2019-01-19 19:00:00+00:00,MILWAUKEE_BUCKS,ORLANDO_MAGIC
682,2019-01-19 19:30:00+00:00,BOSTON_CELTICS,ATLANTA_HAWKS
683,2019-01-19 19:30:00+00:00,MEMPHIS_GRIZZLIES,TORONTO_RAPTORS
684,2019-01-19 20:00:00+00:00,MIAMI_HEAT,CHICAGO_BULLS
685,2019-01-19 20:30:00+00:00,LOS_ANGELES_LAKERS,HOUSTON_ROCKETS
686,2019-01-19 22:00:00+00:00,CLEVELAND_CAVALIERS,DENVER_NUGGETS
687,2019-01-20 18:00:00+00:00,CHARLOTTE_HORNETS,INDIANA_PACERS
688,2019-01-20 19:00:00+00:00,PHOENIX_SUNS,MINNESOTA_TIMBERWOLVES
689,2019-01-20 19:00:00+00:00,LOS_ANGELES_CLIPPERS,SAN_ANTONIO_SPURS
690,2019-01-21 12:30:00+00:00,OKLAHOMA_CITY_THUNDER,NEW_YORK_KNICKS
691,2019-01-21 13:00:00+00:00,CHICAGO_BULLS,CLEVELAND_CAVALIERS
692,2019-01-21 14:00:00+00:00,DALLAS_MAVERICKS,MILWAUKEE_BUCKS
693,2019-01-21 14:00:00+00:00,DETROIT_PISTONS,WASHINGTON_WIZARDS
694,2019-01-21 15:00:00+00:00,ORLANDO_MAGIC,ATLANTA_HAWKS
695,2019-01-21 15:30:00+00:00,SACRAMENTO_KINGS,BROOKLYN_NETS
696,2019-01-21 17:30:00+00:00,NEW_ORLEANS_PELICANS,MEMPHIS_GRIZZLIES
697,2019-01-21 18:00:00+00:00,MIAMI_HEAT,BOSTON_CELTICS
698,2019-01-21 20:00:00+00:00,HOUSTON_ROCKETS,PHILADELPHIA_76ERS
699,2019-01-21 21:00:00+00:00,PORTLAND_TRAIL_BLAZERS,UTAH_JAZZ
700,2019-01-21 22:30:00+00:00,GOLDEN_STATE_WARRIORS,LOS_ANGELES_LAKERS
701,2019-01-22 19:00:00+00:00,SACRAMENTO_KINGS,TORONTO_RAPTORS
702,2019-01-22 20:00:00+00:00,PORTLAND_TRAIL_BLAZERS,OKLAHOMA_CITY_THUNDER
703,2019-01-22 20:30:00+00:00,LOS_ANGELES_CLIPPERS,DALLAS_MAVERICKS
704,2019-01-22 21:00:00+00:00,MINNESOTA_TIMBERWOLVES,PHOENIX_SUNS
705,2019-01-23 19:00:00+00:00,TORONTO_RAPTORS,INDIANA_PACERS
706,2019-01-23 19:30:00+00:00,CLEVELAND_CAVALIERS,BOSTON_CELTICS
707,2019-01-23 19:30:00+00:00,ORLANDO_MAGIC,BROOKLYN_NETS
708,2019-01-23 19:30:00+00:00,LOS_ANGELES_CLIPPERS,MIAMI_HEAT
709,2019-01-23 19:30:00+00:00,HOUSTON_ROCKETS,NEW_YORK_KNICKS
710,2019-01-23 20:00:00+00:00,ATLANTA_HAWKS,CHICAGO_BULLS
711,2019-01-23 20:00:00+00:00,CHARLOTTE_HORNETS,MEMPHIS_GRIZZLIES
712,2019-01-23 20:00:00+00:00,DETROIT_PISTONS,NEW_ORLEANS_PELICANS
713,2019-01-23 20:00:00+00:00,SAN_ANTONIO_SPURS,PHILADELPHIA_76ERS
714,2019-01-23 22:30:00+00:00,DENVER_NUGGETS,UTAH_JAZZ
715,2019-01-24 20:00:00+00:00,NEW_ORLEANS_PELICANS,OKLAHOMA_CITY_THUNDER
716,2019-01-24 20:00:00+00:00,GOLDEN_STATE_WARRIORS,WASHINGTON_WIZARDS
717,2019-01-24 21:00:00+00:00,PORTLAND_TRAIL_BLAZERS,PHOENIX_SUNS
718,2019-01-24 22:30:00+00:00,MINNESOTA_TIMBERWOLVES,LOS_ANGELES_LAKERS
719,2019-01-25 19:00:00+00:00,WASHINGTON_WIZARDS,ORLANDO_MAGIC
720,2019-01-25 19:30:00+00:00,NEW_YORK_KNICKS,BROOKLYN_NETS
721,2019-01-25 19:30:00+00:00,MIAMI_HEAT,CLEVELAND_CAVALIERS
722,2019-01-25 20:00:00+00:00,LOS_ANGELES_CLIPPERS,CHICAGO_BULLS
723,2019-01-25 20:00:00+00:00,TORONTO_RAPTORS,HOUSTON_ROCKETS
724,2019-01-25 20:00:00+00:00,SACRAMENTO_KINGS,MEMPHIS_GRIZZLIES
725,2019-01-25 20:30:00+00:00,DETROIT_PISTONS,DALLAS_MAVERICKS
726,2019-01-25 20:30:00+00:00,CHARLOTTE_HORNETS,MILWAUKEE_BUCKS
727,2019-01-25 21:00:00+00:00,PHOENIX_SUNS,DENVER_NUGGETS
728,2019-01-25 21:00:00+00:00,MINNESOTA_TIMBERWOLVES,UTAH_JAZZ
729,2019-01-26 18:00:00+00:00,SAN_ANTONIO_SPURS,NEW_ORLEANS_PELICANS
730,2019-01-26 20:00:00+00:00,INDIANA_PACERS,MEMPHIS_GRIZZLIES
731,2019-01-26 20:30:00+00:00,GOLDEN_STATE_WARRIORS,BOSTON_CELTICS
732,2019-01-26 21:00:00+00:00,PHILADELPHIA_76ERS,DENVER_NUGGETS
733,2019-01-26 22:00:00+00:00,ATLANTA_HAWKS,PORTLAND_TRAIL_BLAZERS
734,2019-01-27 15:30:00+00:00,CLEVELAND_CAVALIERS,CHICAGO_BULLS
735,2019-01-27 15:30:00+00:00,SACRAMENTO_KINGS,LOS_ANGELES_CLIPPERS
736,2019-01-27 18:00:00+00:00,MILWAUKEE_BUCKS,OKLAHOMA_CITY_THUNDER
737,2019-01-27 19:00:00+00:00,TORONTO_RAPTORS,DALLAS_MAVERICKS
738,2019-01-27 19:00:00+00:00,ORLANDO_MAGIC,HOUSTON_ROCKETS
739,2019-01-27 19:00:00+00:00,UTAH_JAZZ,MINNESOTA_TIMBERWOLVES
740,2019-01-27 19:00:00+00:00,WASHINGTON_WIZARDS,SAN_ANTONIO_SPURS
741,2019-01-27 19:30:00+00:00,MIAMI_HEAT,NEW_YORK_KNICKS
742,2019-01-27 21:30:00+00:00,PHOENIX_SUNS,LOS_ANGELES_LAKERS
743,2019-01-28 19:00:00+00:00,NEW_YORK_KNICKS,CHARLOTTE_HORNETS
744,2019-01-28 19:00:00+00:00,GOLDEN_STATE_WARRIORS,INDIANA_PACERS
745,2019-01-28 19:30:00+00:00,BROOKLYN_NETS,BOSTON_CELTICS
746,2019-01-28 20:00:00+00:00,DENVER_NUGGETS,MEMPHIS_GRIZZLIES
747,2019-01-28 22:30:00+00:00,ATLANTA_HAWKS,LOS_ANGELES_CLIPPERS
748,2019-01-29 19:00:00+00:00,WASHINGTON_WIZARDS,CLEVELAND_CAVALIERS
749,2019-01-29 19:00:00+00:00,MILWAUKEE_BUCKS,DETROIT_PISTONS
750,2019-01-29 19:00:00+00:00,OKLAHOMA_CITY_THUNDER,ORLANDO_MAGIC
751,2019-01-29 19:30:00+00:00,CHICAGO_BULLS,BROOKLYN_NETS
752,2019-01-29 20:00:00+00:00,NEW_ORLEANS_PELICANS,HOUSTON_ROCKETS
753,2019-01-29 20:30:00+00:00,PHOENIX_SUNS,SAN_ANTONIO_SPURS
754,2019-01-29 22:30:00+00:00,PHILADELPHIA_76ERS,LOS_ANGELES_LAKERS
755,2019-01-30 19:30:00+00:00,CHARLOTTE_HORNETS,BOSTON_CELTICS
756,2019-01-30 19:30:00+00:00,CHICAGO_BULLS,MIAMI_HEAT
757,2019-01-30 19:30:00+00:00,DALLAS_MAVERICKS,NEW_YORK_KNICKS
758,2019-01-30 20:00:00+00:00,MEMPHIS_GRIZZLIES,MINNESOTA_TIMBERWOLVES
759,2019-01-30 20:00:00+00:00,DENVER_NUGGETS,NEW_ORLEANS_PELICANS
760,2019-01-30 20:00:00+00:00,INDIANA_PACERS,WASHINGTON_WIZARDS
761,2019-01-30 22:00:00+00:00,ATLANTA_HAWKS,SACRAMENTO_KINGS
762,2019-01-30 22:30:00+00:00,UTAH_JAZZ,PORTLAND_TRAIL_BLAZERS
763,2019-01-31 19:00:00+00:00,DALLAS_MAVERICKS,DETROIT_PISTONS
764,2019-01-31 19:00:00+00:00,INDIANA_PACERS,ORLANDO_MAGIC
765,2019-01-31 20:00:00+00:00,MILWAUKEE_BUCKS,TORONTO_RAPTORS
766,2019-01-31 20:30:00+00:00,BROOKLYN_NETS,SAN_ANTONIO_SPURS
767,2019-01-31 22:30:00+00:00,PHILADELPHIA_76ERS,GOLDEN_STATE_WARRIORS
768,2019-01-31 22:30:00+00:00,LOS_ANGELES_LAKERS,LOS_ANGELES_CLIPPERS
769,2019-02-01 19:00:00+00:00,MEMPHIS_GRIZZLIES,CHARLOTTE_HORNETS
770,2019-02-01 19:30:00+00:00,BOSTON_CELTICS,NEW_YORK_KNICKS
771,2019-02-01 20:00:00+00:00,OKLAHOMA_CITY_THUNDER,MIAMI_HEAT
772,2019-02-01 21:00:00+00:00,ATLANTA_HAWKS,UTAH_JAZZ
773,2019-02-01 22:00:00+00:00,HOUSTON_ROCKETS,DENVER_NUGGETS
774,2019-02-02 17:00:00+00:00,LOS_ANGELES_CLIPPERS,DETROIT_PISTONS
775,2019-02-02 19:00:00+00:00,CHICAGO_BULLS,CHARLOTTE_HORNETS
776,2019-02-02 19:00:00+00:00,BROOKLYN_NETS,ORLANDO_MAGIC
777,2019-02-02 19:00:00+00:00,MILWAUKEE_BUCKS,WASHINGTON_WIZARDS
778,2019-02-02 19:30:00+00:00,DALLAS_MAVERICKS,CLEVELAND_CAVALIERS
779,2019-02-02 19:30:00+00:00,INDIANA_PACERS,MIAMI_HEAT
780,2019-02-02 20:30:00+00:00,LOS_ANGELES_LAKERS,GOLDEN_STATE_WARRIORS
781,2019-02-02 20:30:00+00:00,NEW_ORLEANS_PELICANS,SAN_ANTONIO_SPURS
782,2019-02-02 21:00:00+00:00,DENVER_NUGGETS,MINNESOTA_TIMBERWOLVES
783,2019-02-02 21:00:00+00:00,ATLANTA_HAWKS,PHOENIX_SUNS
784,2019-02-02 21:00:00+00:00,HOUSTON_ROCKETS,UTAH_JAZZ
785,2019-02-02 22:00:00+00:00,PHILADELPHIA_76ERS,SACRAMENTO_KINGS
786,2019-02-03 13:00:00+00:00,MEMPHIS_GRIZZLIES,NEW_YORK_KNICKS
787,2019-02-03 14:00:00+00:00,OKLAHOMA_CITY_THUNDER,BOSTON_CELTICS
788,2019-02-03 15:00:00+00:00,LOS_ANGELES_CLIPPERS,TORONTO_RAPTORS
789,2019-02-04 19:00:00+00:00,DENVER_NUGGETS,DETROIT_PISTONS
790,2019-02-04 19:00:00+00:00,ATLANTA_HAWKS,WASHINGTON_WIZARDS
791,2019-02-04 19:30:00+00:00,MILWAUKEE_BUCKS,BROOKLYN_NETS
792,2019-02-04 20:00:00+00:00,INDIANA_PACERS,NEW_ORLEANS_PELICANS
793,2019-02-04 21:00:00+00:00,HOUSTON_ROCKETS,PHOENIX_SUNS
794,2019-02-04 22:00:00+00:00,SAN_ANTONIO_SPURS,SACRAMENTO_KINGS
795,2019-02-05 19:00:00+00:00,LOS_ANGELES_CLIPPERS,CHARLOTTE_HORNETS
796,2019-02-05 19:00:00+00:00,BOSTON_CELTICS,CLEVELAND_CAVALIERS
797,2019-02-05 19:00:00+00:00,LOS_ANGELES_LAKERS,INDIANA_PACERS
798,2019-02-05 19:30:00+00:00,DETROIT_PISTONS,NEW_YORK_KNICKS
799,2019-02-05 20:00:00+00:00,MINNESOTA_TIMBERWOLVES,MEMPHIS_GRIZZLIES
800,2019-02-05 20:00:00+00:00,ORLANDO_MAGIC,OKLAHOMA_CITY_THUNDER
801,2019-02-05 20:00:00+00:00,TORONTO_RAPTORS,PHILADELPHIA_76ERS
802,2019-02-05 22:30:00+00:00,MIAMI_HEAT,PORTLAND_TRAIL_BLAZERS
803,2019-02-06 19:30:00+00:00,DENVER_NUGGETS,BROOKLYN_NETS
804,2019-02-06 20:00:00+00:00,NEW_ORLEANS_PELICANS,CHICAGO_BULLS
805,2019-02-06 20:00:00+00:00,WASHINGTON_WIZARDS,MILWAUKEE_BUCKS
806,2019-02-06 20:30:00+00:00,CHARLOTTE_HORNETS,DALLAS_MAVERICKS
807,2019-02-06 21:00:00+00:00,PHOENIX_SUNS,UTAH_JAZZ
808,2019-02-06 22:00:00+00:00,HOUSTON_ROCKETS,SACRAMENTO_KINGS
809,2019-02-06 22:30:00+00:00,SAN_ANTONIO_SPURS,GOLDEN_STATE_WARRIORS
810,2019-02-07 19:00:00+00:00,LOS_ANGELES_CLIPPERS,INDIANA_PACERS
811,2019-02-07 19:00:00+00:00,MINNESOTA_TIMBERWOLVES,ORLANDO_MAGIC
812,2019-02-07 19:30:00+00:00,TORONTO_RAPTORS,ATLANTA_HAWKS
813,2019-02-07 20:00:00+00:00,LOS_ANGELES_LAKERS,BOSTON_CELTICS
814,2019-02-07 20:00:00+00:00,MEMPHIS_GRIZZLIES,OKLAHOMA_CITY_THUNDER
815,2019-02-07 22:30:00+00:00,SAN_ANTONIO_SPURS,PORTLAND_TRAIL_BLAZERS
816,2019-02-08 19:00:00+00:00,NEW_YORK_KNICKS,DETROIT_PISTONS
817,2019-02-08 19:00:00+00:00,DENVER_NUGGETS,PHILADELPHIA_76ERS
818,2019-02-08 19:00:00+00:00,CLEVELAND_CAVALIERS,WASHINGTON_WIZARDS
819,2019-02-08 19:30:00+00:00,CHICAGO_BULLS,BROOKLYN_NETS
820,2019-02-08 20:30:00+00:00,MILWAUKEE_BUCKS,DALLAS_MAVERICKS
821,2019-02-08 21:00:00+00:00,GOLDEN_STATE_WARRIORS,PHOENIX_SUNS
822,2019-02-08 21:30:00+00:00,MINNESOTA_TIMBERWOLVES,NEW_ORLEANS_PELICANS
823,2019-02-08 22:00:00+00:00,MIAMI_HEAT,SACRAMENTO_KINGS
824,2019-02-09 17:00:00+00:00,SAN_ANTONIO_SPURS,UTAH_JAZZ
825,2019-02-09 19:00:00+00:00,CLEVELAND_CAVALIERS,INDIANA_PACERS
826,2019-02-09 19:30:00+00:00,CHARLOTTE_HORNETS,ATLANTA_HAWKS
827,2019-02-09 19:30:00+00:00,TORONTO_RAPTORS,NEW_YORK_KNICKS
828,2019-02-09 20:00:00+00:00,LOS_ANGELES_CLIPPERS,BOSTON_CELTICS
829,2019-02-09 20:00:00+00:00,WASHINGTON_WIZARDS,CHICAGO_BULLS
830,2019-02-09 20:00:00+00:00,NEW_ORLEANS_PELICANS,MEMPHIS_GRIZZLIES
831,2019-02-09 20:30:00+00:00,OKLAHOMA_CITY_THUNDER,HOUSTON_ROCKETS
832,2019-02-09 21:00:00+00:00,ORLANDO_MAGIC,MILWAUKEE_BUCKS
833,2019-02-10 15:00:00+00:00,PORTLAND_TRAIL_BLAZERS,DALLAS_MAVERICKS
834,2019-02-10 15:30:00+00:00,LOS_ANGELES_LAKERS,PHILADELPHIA_76ERS
835,2019-02-10 18:00:00+00:00,PHOENIX_SUNS,SACRAMENTO_KINGS
836,2019-02-10 19:30:00+00:00,ORLANDO_MAGIC,ATLANTA_HAWKS
837,2019-02-10 20:30:00+00:00,MIAMI_HEAT,GOLDEN_STATE_WARRIORS
838,2019-02-11 19:00:00+00:00,NEW_YORK_KNICKS,CLEVELAND_CAVALIERS
839,2019-02-11 19:00:00+00:00,WASHINGTON_WIZARDS,DETROIT_PISTONS
840,2019-02-11 19:00:00+00:00,CHARLOTTE_HORNETS,INDIANA_PACERS
841,2019-02-11 19:30:00+00:00,BROOKLYN_NETS,TORONTO_RAPTORS
842,2019-02-11 20:00:00+00:00,MILWAUKEE_BUCKS,CHICAGO_BULLS
843,2019-02-11 20:00:00+00:00,DALLAS_MAVERICKS,HOUSTON_ROCKETS
844,2019-02-11 20:00:00+00:00,LOS_ANGELES_CLIPPERS,MINNESOTA_TIMBERWOLVES
845,2019-02-11 20:00:00+00:00,PORTLAND_TRAIL_BLAZERS,OKLAHOMA_CITY_THUNDER
846,2019-02-11 21:00:00+00:00,MIAMI_HEAT,DENVER_NUGGETS
847,2019-02-12 19:30:00+00:00,LOS_ANGELES_LAKERS,ATLANTA_HAWKS
848,2019-02-12 20:00:00+00:00,SAN_ANTONIO_SPURS,MEMPHIS_GRIZZLIES
849,2019-02-12 20:00:00+00:00,ORLANDO_MAGIC,NEW_ORLEANS_PELICANS
850,2019-02-12 20:00:00+00:00,BOSTON_CELTICS,PHILADELPHIA_76ERS
851,2019-02-12 22:30:00+00:00,UTAH_JAZZ,GOLDEN_STATE_WARRIORS
852,2019-02-13 19:00:00+00:00,BROOKLYN_NETS,CLEVELAND_CAVALIERS
853,2019-02-13 19:00:00+00:00,MILWAUKEE_BUCKS,INDIANA_PACERS
854,2019-02-13 19:30:00+00:00,DETROIT_PISTONS,BOSTON_CELTICS
855,2019-02-13 19:30:00+00:00,PHILADELPHIA_76ERS,NEW_YORK_KNICKS
856,2019-02-13 19:30:00+00:00,WASHINGTON_WIZARDS,TORONTO_RAPTORS
857,2019-02-13 20:00:00+00:00,MEMPHIS_GRIZZLIES,CHICAGO_BULLS
858,2019-02-13 20:00:00+00:00,HOUSTON_ROCKETS,MINNESOTA_TIMBERWOLVES
859,2019-02-13 20:30:00+00:00,MIAMI_HEAT,DALLAS_MAVERICKS
860,2019-02-13 21:00:00+00:00,SACRAMENTO_KINGS,DENVER_NUGGETS
861,2019-02-13 22:30:00+00:00,PHOENIX_SUNS,LOS_ANGELES_CLIPPERS
862,2019-02-13 22:30:00+00:00,GOLDEN_STATE_WARRIORS,PORTLAND_TRAIL_BLAZERS
863,2019-02-14 19:00:00+00:00,CHARLOTTE_HORNETS,ORLANDO_MAGIC
864,2019-02-14 19:30:00+00:00,NEW_YORK_KNICKS,ATLANTA_HAWKS
865,2019-02-14 20:00:00+00:00,OKLAHOMA_CITY_THUNDER,NEW_ORLEANS_PELICANS
866,2019-02-21 19:00:00+00:00,PHOENIX_SUNS,CLEVELAND_CAVALIERS
867,2019-02-21 19:00:00+00:00,MIAMI_HEAT,PHILADELPHIA_76ERS
868,2019-02-21 19:30:00+00:00,PORTLAND_TRAIL_BLAZERS,BROOKLYN_NETS
869,2019-02-21 20:00:00+00:00,BOSTON_CELTICS,MILWAUKEE_BUCKS
870,2019-02-21 22:30:00+00:00,SACRAMENTO_KINGS,GOLDEN_STATE_WARRIORS
871,2019-02-21 22:30:00+00:00,HOUSTON_ROCKETS,LOS_ANGELES_LAKERS
872,2019-02-22 19:00:00+00:00,WASHINGTON_WIZARDS,CHARLOTTE_HORNETS
873,2019-02-22 19:00:00+00:00,NEW_ORLEANS_PELICANS,INDIANA_PACERS
874,2019-02-22 19:00:00+00:00,CHICAGO_BULLS,ORLANDO_MAGIC
875,2019-02-22 19:00:00+00:00,SAN_ANTONIO_SPURS,TORONTO_RAPTORS
876,2019-02-22 19:30:00+00:00,DETROIT_PISTONS,ATLANTA_HAWKS
877,2019-02-22 19:30:00+00:00,MINNESOTA_TIMBERWOLVES,NEW_YORK_KNICKS
878,2019-02-22 20:00:00+00:00,LOS_ANGELES_CLIPPERS,MEMPHIS_GRIZZLIES
879,2019-02-22 20:30:00+00:00,DENVER_NUGGETS,DALLAS_MAVERICKS
880,2019-02-22 21:30:00+00:00,UTAH_JAZZ,OKLAHOMA_CITY_THUNDER
881,2019-02-23 13:00:00+00:00,PORTLAND_TRAIL_BLAZERS,PHILADELPHIA_76ERS
882,2019-02-23 19:00:00+00:00,PHOENIX_SUNS,ATLANTA_HAWKS
883,2019-02-23 19:00:00+00:00,BROOKLYN_NETS,CHARLOTTE_HORNETS
884,2019-02-23 19:00:00+00:00,MEMPHIS_GRIZZLIES,CLEVELAND_CAVALIERS
885,2019-02-23 19:00:00+00:00,LOS_ANGELES_LAKERS,NEW_ORLEANS_PELICANS
886,2019-02-23 19:00:00+00:00,INDIANA_PACERS,WASHINGTON_WIZARDS
887,2019-02-23 19:30:00+00:00,DETROIT_PISTONS,MIAMI_HEAT
888,2019-02-23 20:00:00+00:00,BOSTON_CELTICS,CHICAGO_BULLS
889,2019-02-23 20:00:00+00:00,SACRAMENTO_KINGS,OKLAHOMA_CITY_THUNDER
890,2019-02-23 20:30:00+00:00,HOUSTON_ROCKETS,GOLDEN_STATE_WARRIORS
891,2019-02-23 20:30:00+00:00,MINNESOTA_TIMBERWOLVES,MILWAUKEE_BUCKS
892,2019-02-23 22:00:00+00:00,DALLAS_MAVERICKS,UTAH_JAZZ
893,2019-02-24 15:30:00+00:00,ORLANDO_MAGIC,TORONTO_RAPTORS
894,2019-02-24 17:00:00+00:00,LOS_ANGELES_CLIPPERS,DENVER_NUGGETS
895,2019-02-24 19:30:00+00:00,SAN_ANTONIO_SPURS,NEW_YORK_KNICKS
896,2019-02-25 19:00:00+00:00,GOLDEN_STATE_WARRIORS,CHARLOTTE_HORNETS
897,2019-02-25 19:00:00+00:00,PORTLAND_TRAIL_BLAZERS,CLEVELAND_CAVALIERS
898,2019-02-25 19:00:00+00:00,INDIANA_PACERS,DETROIT_PISTONS
899,2019-02-25 19:30:00+00:00,SAN_ANTONIO_SPURS,BROOKLYN_NETS
900,2019-02-25 19:30:00+00:00,PHOENIX_SUNS,MIAMI_HEAT
901,2019-02-25 20:00:00+00:00,MILWAUKEE_BUCKS,CHICAGO_BULLS
902,2019-02-25 20:00:00+00:00,ATLANTA_HAWKS,HOUSTON_ROCKETS
903,2019-02-25 20:00:00+00:00,LOS_ANGELES_LAKERS,MEMPHIS_GRIZZLIES
904,2019-02-25 20:00:00+00:00,SACRAMENTO_KINGS,MINNESOTA_TIMBERWOLVES
905,2019-02-25 20:00:00+00:00,PHILADELPHIA_76ERS,NEW_ORLEANS_PELICANS
906,2019-02-25 22:30:00+00:00,DALLAS_MAVERICKS,LOS_ANGELES_CLIPPERS
907,2019-02-26 19:30:00+00:00,ORLANDO_MAGIC,NEW_YORK_KNICKS
908,2019-02-26 20:00:00+00:00,BOSTON_CELTICS,TORONTO_RAPTORS
909,2019-02-26 22:30:00+00:00,OKLAHOMA_CITY_THUNDER,DENVER_NUGGETS
910,2019-02-27 19:00:00+00:00,HOUSTON_ROCKETS,CHARLOTTE_HORNETS
911,2019-02-27 19:30:00+00:00,MINNESOTA_TIMBERWOLVES,ATLANTA_HAWKS
912,2019-02-27 19:30:00+00:00,WASHINGTON_WIZARDS,BROOKLYN_NETS
913,2019-02-27 19:30:00+00:00,GOLDEN_STATE_WARRIORS,MIAMI_HEAT
914,2019-02-27 20:00:00+00:00,PORTLAND_TRAIL_BLAZERS,BOSTON_CELTICS
915,2019-02-27 20:00:00+00:00,CHICAGO_BULLS,MEMPHIS_GRIZZLIES
916,2019-02-27 20:30:00+00:00,INDIANA_PACERS,DALLAS_MAVERICKS
917,2019-02-27 20:30:00+00:00,DETROIT_PISTONS,SAN_ANTONIO_SPURS
918,2019-02-27 21:00:00+00:00,LOS_ANGELES_CLIPPERS,UTAH_JAZZ
919,2019-02-27 22:00:00+00:00,MILWAUKEE_BUCKS,SACRAMENTO_KINGS
920,2019-02-27 22:30:00+00:00,NEW_ORLEANS_PELICANS,LOS_ANGELES_LAKERS
921,2019-02-28 19:00:00+00:00,MINNESOTA_TIMBERWOLVES,INDIANA_PACERS
922,2019-02-28 19:00:00+00:00,GOLDEN_STATE_WARRIORS,ORLANDO_MAGIC
923,2019-02-28 19:30:00+00:00,CLEVELAND_CAVALIERS,NEW_YORK_KNICKS
924,2019-02-28 20:00:00+00:00,MIAMI_HEAT,HOUSTON_ROCKETS
925,2019-02-28 20:00:00+00:00,PHILADELPHIA_76ERS,OKLAHOMA_CITY_THUNDER
926,2019-02-28 22:30:00+00:00,UTAH_JAZZ,DENVER_NUGGETS
927,2019-03-01 19:30:00+00:00,CHICAGO_BULLS,ATLANTA_HAWKS
928,2019-03-01 19:30:00+00:00,CHARLOTTE_HORNETS,BROOKLYN_NETS
929,2019-03-01 20:00:00+00:00,WASHINGTON_WIZARDS,BOSTON_CELTICS
930,2019-03-01 20:00:00+00:00,PORTLAND_TRAIL_BLAZERS,TORONTO_RAPTORS
931,2019-03-01 21:00:00+00:00,NEW_ORLEANS_PELICANS,PHOENIX_SUNS
932,2019-03-01 22:00:00+00:00,LOS_ANGELES_CLIPPERS,SACRAMENTO_KINGS
933,2019-03-01 22:30:00+00:00,MILWAUKEE_BUCKS,LOS_ANGELES_LAKERS
934,2019-03-02 17:00:00+00:00,DETROIT_PISTONS,CLEVELAND_CAVALIERS
935,2019-03-02 19:00:00+00:00,ORLANDO_MAGIC,INDIANA_PACERS
936,2019-03-02 19:30:00+00:00,BROOKLYN_NETS,MIAMI_HEAT
937,2019-03-02 20:30:00+00:00,MEMPHIS_GRIZZLIES,DALLAS_MAVERICKS
938,2019-03-02 20:30:00+00:00,GOLDEN_STATE_WARRIORS,PHILADELPHIA_76ERS
939,2019-03-02 20:30:00+00:00,OKLAHOMA_CITY_THUNDER,SAN_ANTONIO_SPURS
940,2019-03-02 21:00:00+00:00,NEW_ORLEANS_PELICANS,DENVER_NUGGETS
941,2019-03-02 21:00:00+00:00,LOS_ANGELES_LAKERS,PHOENIX_SUNS
942,2019-03-02 21:00:00+00:00,MILWAUKEE_BUCKS,UTAH_JAZZ
943,2019-03-03 13:00:00+00:00,PORTLAND_TRAIL_BLAZERS,CHARLOTTE_HORNETS
944,2019-03-03 15:30:00+00:00,HOUSTON_ROCKETS,BOSTON_CELTICS
945,2019-03-03 15:30:00+00:00,ATLANTA_HAWKS,CHICAGO_BULLS
946,2019-03-03 15:30:00+00:00,NEW_YORK_KNICKS,LOS_ANGELES_CLIPPERS
947,2019-03-03 18:00:00+00:00,ORLANDO_MAGIC,CLEVELAND_CAVALIERS
948,2019-03-03 18:00:00+00:00,TORONTO_RAPTORS,DETROIT_PISTONS
949,2019-03-03 18:00:00+00:00,MINNESOTA_TIMBERWOLVES,WASHINGTON_WIZARDS
950,2019-03-03 19:00:00+00:00,MEMPHIS_GRIZZLIES,OKLAHOMA_CITY_THUNDER
951,2019-03-04 19:30:00+00:00,DALLAS_MAVERICKS,BROOKLYN_NETS
952,2019-03-04 19:30:00+00:00,ATLANTA_HAWKS,MIAMI_HEAT
953,2019-03-04 20:30:00+00:00,DENVER_NUGGETS,SAN_ANTONIO_SPURS
954,2019-03-04 21:00:00+00:00,MILWAUKEE_BUCKS,PHOENIX_SUNS
955,2019-03-04 21:00:00+00:00,NEW_ORLEANS_PELICANS,UTAH_JAZZ
956,2019-03-04 22:00:00+00:00,NEW_YORK_KNICKS,SACRAMENTO_KINGS
957,2019-03-04 22:30:00+00:00,LOS_ANGELES_CLIPPERS,LOS_ANGELES_LAKERS
958,2019-03-05 19:00:00+00:00,CHICAGO_BULLS,INDIANA_PACERS
959,2019-03-05 19:00:00+00:00,ORLANDO_MAGIC,PHILADELPHIA_76ERS
960,2019-03-05 20:00:00+00:00,PORTLAND_TRAIL_BLAZERS,MEMPHIS_GRIZZLIES
961,2019-03-05 20:00:00+00:00,OKLAHOMA_CITY_THUNDER,MINNESOTA_TIMBERWOLVES
962,2019-03-05 20:00:00+00:00,HOUSTON_ROCKETS,TORONTO_RAPTORS
963,2019-03-05 22:30:00+00:00,BOSTON_CELTICS,GOLDEN_STATE_WARRIORS
964,2019-03-06 19:00:00+00:00,MIAMI_HEAT,CHARLOTTE_HORNETS
965,2019-03-06 19:00:00+00:00,MINNESOTA_TIMBERWOLVES,DETROIT_PISTONS
966,2019-03-06 19:00:00+00:00,DALLAS_MAVERICKS,WASHINGTON_WIZARDS
967,2019-03-06 19:30:00+00:00,SAN_ANTONIO_SPURS,ATLANTA_HAWKS
968,2019-03-06 19:30:00+00:00,CLEVELAND_CAVALIERS,BROOKLYN_NETS
969,2019-03-06 20:00:00+00:00,PHILADELPHIA_76ERS,CHICAGO_BULLS
970,2019-03-06 20:00:00+00:00,UTAH_JAZZ,NEW_ORLEANS_PELICANS
971,2019-03-06 21:00:00+00:00,NEW_YORK_KNICKS,PHOENIX_SUNS
972,2019-03-06 22:00:00+00:00,BOSTON_CELTICS,SACRAMENTO_KINGS
973,2019-03-06 22:30:00+00:00,DENVER_NUGGETS,LOS_ANGELES_LAKERS
974,2019-03-07 20:00:00+00:00,INDIANA_PACERS,MILWAUKEE_BUCKS
975,2019-03-07 22:30:00+00:00,OKLAHOMA_CITY_THUNDER,PORTLAND_TRAIL_BLAZERS
976,2019-03-08 19:00:00+00:00,WASHINGTON_WIZARDS,CHARLOTTE_HORNETS
977,2019-03-08 19:00:00+00:00,DALLAS_MAVERICKS,ORLANDO_MAGIC
978,2019-03-08 20:00:00+00:00,DETROIT_PISTONS,CHICAGO_BULLS
979,2019-03-08 20:00:00+00:00,PHILADELPHIA_76ERS,HOUSTON_ROCKETS
980,2019-03-08 20:00:00+00:00,UTAH_JAZZ,MEMPHIS_GRIZZLIES
981,2019-03-08 20:00:00+00:00,CLEVELAND_CAVALIERS,MIAMI_HEAT
982,2019-03-08 20:00:00+00:00,TORONTO_RAPTORS,NEW_ORLEANS_PELICANS
983,2019-03-08 22:30:00+00:00,DENVER_NUGGETS,GOLDEN_STATE_WARRIORS
984,2019-03-08 22:30:00+00:00,OKLAHOMA_CITY_THUNDER,LOS_ANGELES_CLIPPERS
985,2019-03-09 12:00:00+00:00,SACRAMENTO_KINGS,NEW_YORK_KNICKS
986,2019-03-09 19:00:00+00:00,BROOKLYN_NETS,ATLANTA_HAWKS
987,2019-03-09 20:00:00+00:00,WASHINGTON_WIZARDS,MINNESOTA_TIMBERWOLVES
988,2019-03-09 20:30:00+00:00,BOSTON_CELTICS,LOS_ANGELES_LAKERS
989,2019-03-09 21:00:00+00:00,CHARLOTTE_HORNETS,MILWAUKEE_BUCKS
990,2019-03-09 22:00:00+00:00,PHOENIX_SUNS,PORTLAND_TRAIL_BLAZERS
991,2019-03-10 11:00:00+00:00,CHICAGO_BULLS,DETROIT_PISTONS
992,2019-03-10 14:30:00+00:00,TORONTO_RAPTORS,MIAMI_HEAT
993,2019-03-10 14:30:00+00:00,INDIANA_PACERS,PHILADELPHIA_76ERS
994,2019-03-10 17:00:00+00:00,NEW_ORLEANS_PELICANS,ATLANTA_HAWKS
995,2019-03-10 17:00:00+00:00,ORLANDO_MAGIC,MEMPHIS_GRIZZLIES
996,2019-03-10 18:00:00+00:00,HOUSTON_ROCKETS,DALLAS_MAVERICKS
997,2019-03-10 19:00:00+00:00,NEW_YORK_KNICKS,MINNESOTA_TIMBERWOLVES
998,2019-03-10 19:00:00+00:00,MILWAUKEE_BUCKS,SAN_ANTONIO_SPURS
999,2019-03-10 19:30:00+00:00,PHOENIX_SUNS,GOLDEN_STATE_WARRIORS
1000,2019-03-11 18:00:00+00:00,TORONTO_RAPTORS,CLEVELAND_CAVALIERS
1001,2019-03-11 18:00:00+00:00,SACRAMENTO_KINGS,WASHINGTON_WIZARDS
1002,2019-03-11 18:30:00+00:00,DETROIT_PISTONS,BROOKLYN_NETS
1003,2019-03-11 19:00:00+00:00,CHARLOTTE_HORNETS,HOUSTON_ROCKETS
1004,2019-03-11 20:00:00+00:00,OKLAHOMA_CITY_THUNDER,UTAH_JAZZ
1005,2019-03-11 21:30:00+00:00,BOSTON_CELTICS,LOS_ANGELES_CLIPPERS
1006,2019-03-12 18:00:00+00:00,NEW_YORK_KNICKS,INDIANA_PACERS
1007,2019-03-12 18:00:00+00:00,CLEVELAND_CAVALIERS,PHILADELPHIA_76ERS
1008,2019-03-12 19:00:00+00:00,LOS_ANGELES_LAKERS,CHICAGO_BULLS
1009,2019-03-12 19:00:00+00:00,SAN_ANTONIO_SPURS,DALLAS_MAVERICKS
1010,2019-03-12 19:00:00+00:00,MILWAUKEE_BUCKS,NEW_ORLEANS_PELICANS
1011,2019-03-12 21:30:00+00:00,MINNESOTA_TIMBERWOLVES,DENVER_NUGGETS
1012,2019-03-12 21:30:00+00:00,PORTLAND_TRAIL_BLAZERS,LOS_ANGELES_CLIPPERS
1013,2019-03-13 18:00:00+00:00,BROOKLYN_NETS,OKLAHOMA_CITY_THUNDER
1014,2019-03-13 18:00:00+00:00,ORLANDO_MAGIC,WASHINGTON_WIZARDS
1015,2019-03-13 18:30:00+00:00,MEMPHIS_GRIZZLIES,ATLANTA_HAWKS
1016,2019-03-13 18:30:00+00:00,DETROIT_PISTONS,MIAMI_HEAT
1017,2019-03-13 20:30:00+00:00,GOLDEN_STATE_WARRIORS,HOUSTON_ROCKETS
1018,2019-03-13 21:00:00+00:00,UTAH_JAZZ,PHOENIX_SUNS
1019,2019-03-14 18:00:00+00:00,OKLAHOMA_CITY_THUNDER,INDIANA_PACERS
1020,2019-03-14 18:00:00+00:00,CLEVELAND_CAVALIERS,ORLANDO_MAGIC
1021,2019-03-14 18:30:00+00:00,SACRAMENTO_KINGS,BOSTON_CELTICS
1022,2019-03-14 19:00:00+00:00,LOS_ANGELES_LAKERS,TORONTO_RAPTORS
1023,2019-03-14 20:00:00+00:00,MINNESOTA_TIMBERWOLVES,UTAH_JAZZ
1024,2019-03-14 21:30:00+00:00,DALLAS_MAVERICKS,DENVER_NUGGETS
1025,2019-03-15 18:00:00+00:00,LOS_ANGELES_LAKERS,DETROIT_PISTONS
1026,2019-03-15 18:00:00+00:00,SACRAMENTO_KINGS,PHILADELPHIA_76ERS
1027,2019-03-15 18:00:00+00:00,CHARLOTTE_HORNETS,WASHINGTON_WIZARDS
1028,2019-03-15 19:00:00+00:00,PHOENIX_SUNS,HOUSTON_ROCKETS
1029,2019-03-15 19:00:00+00:00,MILWAUKEE_BUCKS,MIAMI_HEAT
1030,2019-03-15 19:00:00+00:00,PORTLAND_TRAIL_BLAZERS,NEW_ORLEANS_PELICANS
1031,2019-03-15 19:30:00+00:00,NEW_YORK_KNICKS,SAN_ANTONIO_SPURS
1032,2019-03-15 21:30:00+00:00,CHICAGO_BULLS,LOS_ANGELES_CLIPPERS
1033,2019-03-16 11:30:00+00:00,ATLANTA_HAWKS,BOSTON_CELTICS
1034,2019-03-16 18:00:00+00:00,PHOENIX_SUNS,NEW_ORLEANS_PELICANS
1035,2019-03-16 18:00:00+00:00,MEMPHIS_GRIZZLIES,WASHINGTON_WIZARDS
1036,2019-03-16 19:30:00+00:00,CLEVELAND_CAVALIERS,DALLAS_MAVERICKS
1037,2019-03-16 19:30:00+00:00,GOLDEN_STATE_WARRIORS,OKLAHOMA_CITY_THUNDER
1038,2019-03-16 19:30:00+00:00,PORTLAND_TRAIL_BLAZERS,SAN_ANTONIO_SPURS
1039,2019-03-16 20:00:00+00:00,INDIANA_PACERS,DENVER_NUGGETS
1040,2019-03-16 20:00:00+00:00,BROOKLYN_NETS,UTAH_JAZZ
1041,2019-03-17 11:00:00+00:00,LOS_ANGELES_LAKERS,NEW_YORK_KNICKS
1042,2019-03-17 12:00:00+00:00,CHARLOTTE_HORNETS,MIAMI_HEAT
1043,2019-03-17 14:30:00+00:00,PHILADELPHIA_76ERS,MILWAUKEE_BUCKS
1044,2019-03-17 15:00:00+00:00,TORONTO_RAPTORS,DETROIT_PISTONS
1045,2019-03-17 17:00:00+00:00,ATLANTA_HAWKS,ORLANDO_MAGIC
1046,2019-03-17 17:00:00+00:00,CHICAGO_BULLS,SACRAMENTO_KINGS
1047,2019-03-17 20:00:00+00:00,MINNESOTA_TIMBERWOLVES,HOUSTON_ROCKETS
1048,2019-03-17 20:00:00+00:00,BROOKLYN_NETS,LOS_ANGELES_CLIPPERS
1049,2019-03-18 18:00:00+00:00,DETROIT_PISTONS,CLEVELAND_CAVALIERS
1050,2019-03-18 18:00:00+00:00,UTAH_JAZZ,WASHINGTON_WIZARDS
1051,2019-03-18 18:30:00+00:00,DENVER_NUGGETS,BOSTON_CELTICS
1052,2019-03-18 18:30:00+00:00,NEW_YORK_KNICKS,TORONTO_RAPTORS
1053,2019-03-18 19:00:00+00:00,MIAMI_HEAT,OKLAHOMA_CITY_THUNDER
1054,2019-03-18 19:00:00+00:00,GOLDEN_STATE_WARRIORS,SAN_ANTONIO_SPURS
1055,2019-03-18 19:30:00+00:00,NEW_ORLEANS_PELICANS,DALLAS_MAVERICKS
1056,2019-03-18 21:00:00+00:00,CHICAGO_BULLS,PHOENIX_SUNS
1057,2019-03-18 21:30:00+00:00,INDIANA_PACERS,PORTLAND_TRAIL_BLAZERS
1058,2019-03-19 18:00:00+00:00,PHILADELPHIA_76ERS,CHARLOTTE_HORNETS
1059,2019-03-19 18:30:00+00:00,HOUSTON_ROCKETS,ATLANTA_HAWKS
1060,2019-03-19 19:00:00+00:00,LOS_ANGELES_LAKERS,MILWAUKEE_BUCKS
1061,2019-03-19 19:00:00+00:00,GOLDEN_STATE_WARRIORS,MINNESOTA_TIMBERWOLVES
1062,2019-03-19 21:00:00+00:00,BROOKLYN_NETS,SACRAMENTO_KINGS
1063,2019-03-19 21:30:00+00:00,INDIANA_PACERS,LOS_ANGELES_CLIPPERS
1064,2019-03-20 18:00:00+00:00,MILWAUKEE_BUCKS,CLEVELAND_CAVALIERS
1065,2019-03-20 18:00:00+00:00,NEW_ORLEANS_PELICANS,ORLANDO_MAGIC
1066,2019-03-20 18:00:00+00:00,BOSTON_CELTICS,PHILADELPHIA_76ERS
1067,2019-03-20 18:30:00+00:00,UTAH_JAZZ,NEW_YORK_KNICKS
1068,2019-03-20 19:00:00+00:00,WASHINGTON_WIZARDS,CHICAGO_BULLS
1069,2019-03-20 19:00:00+00:00,HOUSTON_ROCKETS,MEMPHIS_GRIZZLIES
1070,2019-03-20 19:30:00+00:00,MIAMI_HEAT,SAN_ANTONIO_SPURS
1071,2019-03-20 20:30:00+00:00,TORONTO_RAPTORS,OKLAHOMA_CITY_THUNDER
1072,2019-03-20 21:00:00+00:00,DALLAS_MAVERICKS,PORTLAND_TRAIL_BLAZERS
1073,2019-03-21 18:00:00+00:00,MINNESOTA_TIMBERWOLVES,CHARLOTTE_HORNETS
1074,2019-03-21 18:00:00+00:00,DENVER_NUGGETS,WASHINGTON_WIZARDS
1075,2019-03-21 18:30:00+00:00,UTAH_JAZZ,ATLANTA_HAWKS
1076,2019-03-21 21:00:00+00:00,DETROIT_PISTONS,PHOENIX_SUNS
1077,2019-03-21 21:00:00+00:00,DALLAS_MAVERICKS,SACRAMENTO_KINGS
1078,2019-03-21 21:30:00+00:00,INDIANA_PACERS,GOLDEN_STATE_WARRIORS
1079,2019-03-22 18:00:00+00:00,MEMPHIS_GRIZZLIES,ORLANDO_MAGIC
1080,2019-03-22 18:30:00+00:00,LOS_ANGELES_CLIPPERS,CLEVELAND_CAVALIERS
1081,2019-03-22 18:30:00+00:00,DENVER_NUGGETS,NEW_YORK_KNICKS
1082,2019-03-22 18:30:00+00:00,OKLAHOMA_CITY_THUNDER,TORONTO_RAPTORS
1083,2019-03-22 19:00:00+00:00,SAN_ANTONIO_SPURS,HOUSTON_ROCKETS
1084,2019-03-22 19:30:00+00:00,MIAMI_HEAT,MILWAUKEE_BUCKS
1085,2019-03-22 21:30:00+00:00,BROOKLYN_NETS,LOS_ANGELES_LAKERS
1086,2019-03-23 17:00:00+00:00,BOSTON_CELTICS,CHARLOTTE_HORNETS
1087,2019-03-23 18:00:00+00:00,MIAMI_HEAT,WASHINGTON_WIZARDS
1088,2019-03-23 18:30:00+00:00,PHILADELPHIA_76ERS,ATLANTA_HAWKS
1089,2019-03-23 19:00:00+00:00,UTAH_JAZZ,CHICAGO_BULLS
1090,2019-03-23 19:00:00+00:00,MINNESOTA_TIMBERWOLVES,MEMPHIS_GRIZZLIES
1091,2019-03-23 19:30:00+00:00,DALLAS_MAVERICKS,GOLDEN_STATE_WARRIORS
1092,2019-03-23 21:00:00+00:00,DETROIT_PISTONS,PORTLAND_TRAIL_BLAZERS
1093,2019-03-23 21:00:00+00:00,PHOENIX_SUNS,SACRAMENTO_KINGS
1094,2019-03-24 11:00:00+00:00,LOS_ANGELES_CLIPPERS,NEW_YORK_KNICKS
1095,2019-03-24 15:30:00+00:00,CLEVELAND_CAVALIERS,MILWAUKEE_BUCKS
1096,2019-03-24 16:00:00+00:00,DENVER_NUGGETS,INDIANA_PACERS
1097,2019-03-24 17:00:00+00:00,CHARLOTTE_HORNETS,TORONTO_RAPTORS
1098,2019-03-24 18:00:00+00:00,HOUSTON_ROCKETS,NEW_ORLEANS_PELICANS
1099,2019-03-24 18:30:00+00:00,SAN_ANTONIO_SPURS,BOSTON_CELTICS
1100,2019-03-24 19:30:00+00:00,DETROIT_PISTONS,GOLDEN_STATE_WARRIORS
1101,2019-03-24 20:30:00+00:00,SACRAMENTO_KINGS,LOS_ANGELES_LAKERS
1102,2019-03-25 18:00:00+00:00,PHILADELPHIA_76ERS,ORLANDO_MAGIC
1103,2019-03-25 19:00:00+00:00,OKLAHOMA_CITY_THUNDER,MEMPHIS_GRIZZLIES
1104,2019-03-25 20:00:00+00:00,PHOENIX_SUNS,UTAH_JAZZ
1105,2019-03-25 21:00:00+00:00,BROOKLYN_NETS,PORTLAND_TRAIL_BLAZERS
1106,2019-03-26 18:00:00+00:00,SAN_ANTONIO_SPURS,CHARLOTTE_HORNETS
1107,2019-03-26 18:00:00+00:00,BOSTON_CELTICS,CLEVELAND_CAVALIERS
1108,2019-03-26 18:30:00+00:00,ORLANDO_MAGIC,MIAMI_HEAT
1109,2019-03-26 18:30:00+00:00,CHICAGO_BULLS,TORONTO_RAPTORS
1110,2019-03-26 19:00:00+00:00,HOUSTON_ROCKETS,MILWAUKEE_BUCKS
1111,2019-03-26 19:00:00+00:00,LOS_ANGELES_CLIPPERS,MINNESOTA_TIMBERWOLVES
1112,2019-03-26 19:00:00+00:00,ATLANTA_HAWKS,NEW_ORLEANS_PELICANS
1113,2019-03-26 19:30:00+00:00,SACRAMENTO_KINGS,DALLAS_MAVERICKS
1114,2019-03-26 20:00:00+00:00,DETROIT_PISTONS,DENVER_NUGGETS
1115,2019-03-26 21:30:00+00:00,WASHINGTON_WIZARDS,LOS_ANGELES_LAKERS
1116,2019-03-27 19:00:00+00:00,PORTLAND_TRAIL_BLAZERS,CHICAGO_BULLS
1117,2019-03-27 19:00:00+00:00,GOLDEN_STATE_WARRIORS,MEMPHIS_GRIZZLIES
1118,2019-03-27 19:00:00+00:00,INDIANA_PACERS,OKLAHOMA_CITY_THUNDER
1119,2019-03-27 21:00:00+00:00,WASHINGTON_WIZARDS,PHOENIX_SUNS
1120,2019-03-27 21:30:00+00:00,LOS_ANGELES_LAKERS,UTAH_JAZZ
1121,2019-03-28 18:00:00+00:00,ORLANDO_MAGIC,DETROIT_PISTONS
1122,2019-03-28 18:00:00+00:00,BROOKLYN_NETS,PHILADELPHIA_76ERS
1123,2019-03-28 18:30:00+00:00,DALLAS_MAVERICKS,MIAMI_HEAT
1124,2019-03-28 18:30:00+00:00,TORONTO_RAPTORS,NEW_YORK_KNICKS
1125,2019-03-28 19:00:00+00:00,DENVER_NUGGETS,HOUSTON_ROCKETS
1126,2019-03-28 19:00:00+00:00,LOS_ANGELES_CLIPPERS,MILWAUKEE_BUCKS
1127,2019-03-28 19:00:00+00:00,SACRAMENTO_KINGS,NEW_ORLEANS_PELICANS
1128,2019-03-28 19:30:00+00:00,CLEVELAND_CAVALIERS,SAN_ANTONIO_SPURS
1129,2019-03-29 18:00:00+00:00,INDIANA_PACERS,BOSTON_CELTICS
1130,2019-03-29 18:30:00+00:00,PORTLAND_TRAIL_BLAZERS,ATLANTA_HAWKS
1131,2019-03-29 19:00:00+00:00,GOLDEN_STATE_WARRIORS,MINNESOTA_TIMBERWOLVES
1132,2019-03-29 19:00:00+00:00,DENVER_NUGGETS,OKLAHOMA_CITY_THUNDER
1133,2019-03-29 20:00:00+00:00,WASHINGTON_WIZARDS,UTAH_JAZZ
1134,2019-03-29 21:30:00+00:00,CHARLOTTE_HORNETS,LOS_ANGELES_LAKERS
1135,2019-03-30 14:30:00+00:00,CLEVELAND_CAVALIERS,LOS_ANGELES_CLIPPERS
1136,2019-03-30 17:00:00+00:00,BOSTON_CELTICS,BROOKLYN_NETS
1137,2019-03-30 17:00:00+00:00,SACRAMENTO_KINGS,HOUSTON_ROCKETS
1138,2019-03-30 18:00:00+00:00,PORTLAND_TRAIL_BLAZERS,DETROIT_PISTONS
1139,2019-03-30 18:00:00+00:00,ORLANDO_MAGIC,INDIANA_PACERS
1140,2019-03-30 18:30:00+00:00,MIAMI_HEAT,NEW_YORK_KNICKS
1141,2019-03-30 19:00:00+00:00,TORONTO_RAPTORS,CHICAGO_BULLS
1142,2019-03-30 19:00:00+00:00,PHILADELPHIA_76ERS,MINNESOTA_TIMBERWOLVES
1143,2019-03-30 21:00:00+00:00,MEMPHIS_GRIZZLIES,PHOENIX_SUNS
1144,2019-03-31 11:30:00+00:00,MILWAUKEE_BUCKS,ATLANTA_HAWKS
1145,2019-03-31 14:30:00+00:00,DALLAS_MAVERICKS,OKLAHOMA_CITY_THUNDER
1146,2019-03-31 17:00:00+00:00,LOS_ANGELES_LAKERS,NEW_ORLEANS_PELICANS
1147,2019-03-31 18:00:00+00:00,SACRAMENTO_KINGS,SAN_ANTONIO_SPURS
1148,2019-03-31 19:00:00+00:00,WASHINGTON_WIZARDS,DENVER_NUGGETS
1149,2019-03-31 19:30:00+00:00,CHARLOTTE_HORNETS,GOLDEN_STATE_WARRIORS
1150,2019-03-31 21:30:00+00:00,MEMPHIS_GRIZZLIES,LOS_ANGELES_CLIPPERS
1151,2019-04-01 18:00:00+00:00,DETROIT_PISTONS,INDIANA_PACERS
1152,2019-04-01 18:30:00+00:00,MIAMI_HEAT,BOSTON_CELTICS
1153,2019-04-01 18:30:00+00:00,MILWAUKEE_BUCKS,BROOKLYN_NETS
1154,2019-04-01 18:30:00+00:00,CHICAGO_BULLS,NEW_YORK_KNICKS
1155,2019-04-01 18:30:00+00:00,ORLANDO_MAGIC,TORONTO_RAPTORS
1156,2019-04-01 19:00:00+00:00,PORTLAND_TRAIL_BLAZERS,MINNESOTA_TIMBERWOLVES
1157,2019-04-01 19:30:00+00:00,PHILADELPHIA_76ERS,DALLAS_MAVERICKS
1158,2019-04-01 20:00:00+00:00,CHARLOTTE_HORNETS,UTAH_JAZZ
1159,2019-04-01 21:00:00+00:00,CLEVELAND_CAVALIERS,PHOENIX_SUNS
1160,2019-04-02 19:00:00+00:00,LOS_ANGELES_LAKERS,OKLAHOMA_CITY_THUNDER
1161,2019-04-02 19:30:00+00:00,ATLANTA_HAWKS,SAN_ANTONIO_SPURS
1162,2019-04-02 21:00:00+00:00,HOUSTON_ROCKETS,SACRAMENTO_KINGS
1163,2019-04-02 21:30:00+00:00,DENVER_NUGGETS,GOLDEN_STATE_WARRIORS
1164,2019-04-03 18:00:00+00:00,INDIANA_PACERS,DETROIT_PISTONS
1165,2019-04-03 18:00:00+00:00,NEW_YORK_KNICKS,ORLANDO_MAGIC
1166,2019-04-03 18:00:00+00:00,CHICAGO_BULLS,WASHINGTON_WIZARDS
1167,2019-04-03 18:30:00+00:00,PHILADELPHIA_76ERS,ATLANTA_HAWKS
1168,2019-04-03 18:30:00+00:00,TORONTO_RAPTORS,BROOKLYN_NETS
1169,2019-04-03 18:30:00+00:00,BOSTON_CELTICS,MIAMI_HEAT
1170,2019-04-03 19:00:00+00:00,CHARLOTTE_HORNETS,NEW_ORLEANS_PELICANS
1171,2019-04-03 19:30:00+00:00,MINNESOTA_TIMBERWOLVES,DALLAS_MAVERICKS
1172,2019-04-03 20:00:00+00:00,SAN_ANTONIO_SPURS,DENVER_NUGGETS
1173,2019-04-03 21:00:00+00:00,UTAH_JAZZ,PHOENIX_SUNS
1174,2019-04-03 21:00:00+00:00,MEMPHIS_GRIZZLIES,PORTLAND_TRAIL_BLAZERS
1175,2019-04-03 21:30:00+00:00,HOUSTON_ROCKETS,LOS_ANGELES_CLIPPERS
1176,2019-04-04 19:00:00+00:00,MILWAUKEE_BUCKS,PHILADELPHIA_76ERS
1177,2019-04-04 21:00:00+00:00,CLEVELAND_CAVALIERS,SACRAMENTO_KINGS
1178,2019-04-04 21:30:00+00:00,GOLDEN_STATE_WARRIORS,LOS_ANGELES_LAKERS
1179,2019-04-05 18:00:00+00:00,TORONTO_RAPTORS,CHARLOTTE_HORNETS
1180,2019-04-05 18:00:00+00:00,ATLANTA_HAWKS,ORLANDO_MAGIC
1181,2019-04-05 18:00:00+00:00,SAN_ANTONIO_SPURS,WASHINGTON_WIZARDS
1182,2019-04-05 19:00:00+00:00,NEW_YORK_KNICKS,HOUSTON_ROCKETS
1183,2019-04-05 19:00:00+00:00,BOSTON_CELTICS,INDIANA_PACERS
1184,2019-04-05 19:00:00+00:00,MIAMI_HEAT,MINNESOTA_TIMBERWOLVES
1185,2019-04-05 19:00:00+00:00,DETROIT_PISTONS,OKLAHOMA_CITY_THUNDER
1186,2019-04-05 19:30:00+00:00,MEMPHIS_GRIZZLIES,DALLAS_MAVERICKS
1187,2019-04-05 20:00:00+00:00,SACRAMENTO_KINGS,UTAH_JAZZ
1188,2019-04-05 21:00:00+00:00,NEW_ORLEANS_PELICANS,PHOENIX_SUNS
1189,2019-04-05 21:30:00+00:00,PORTLAND_TRAIL_BLAZERS,DENVER_NUGGETS
1190,2019-04-05 21:30:00+00:00,CLEVELAND_CAVALIERS,GOLDEN_STATE_WARRIORS
1191,2019-04-05 21:30:00+00:00,LOS_ANGELES_LAKERS,LOS_ANGELES_CLIPPERS
1192,2019-04-06 16:00:00+00:00,BROOKLYN_NETS,MILWAUKEE_BUCKS
1193,2019-04-06 19:00:00+00:00,PHILADELPHIA_76ERS,CHICAGO_BULLS
1194,2019-04-07 11:00:00+00:00,MIAMI_HEAT,TORONTO_RAPTORS
1195,2019-04-07 14:00:00+00:00,SAN_ANTONIO_SPURS,CLEVELAND_CAVALIERS
1196,2019-04-07 14:30:00+00:00,OKLAHOMA_CITY_THUNDER,MINNESOTA_TIMBERWOLVES
1197,2019-04-07 15:00:00+00:00,CHARLOTTE_HORNETS,DETROIT_PISTONS
1198,2019-04-07 16:00:00+00:00,BROOKLYN_NETS,INDIANA_PACERS
1199,2019-04-07 17:00:00+00:00,DALLAS_MAVERICKS,MEMPHIS_GRIZZLIES
1200,2019-04-07 18:00:00+00:00,PHOENIX_SUNS,HOUSTON_ROCKETS
1201,2019-04-07 18:00:00+00:00,ATLANTA_HAWKS,MILWAUKEE_BUCKS
1202,2019-04-07 18:30:00+00:00,ORLANDO_MAGIC,BOSTON_CELTICS
1203,2019-04-07 18:30:00+00:00,WASHINGTON_WIZARDS,NEW_YORK_KNICKS
1204,2019-04-07 19:30:00+00:00,LOS_ANGELES_CLIPPERS,GOLDEN_STATE_WARRIORS
1205,2019-04-07 20:00:00+00:00,DENVER_NUGGETS,PORTLAND_TRAIL_BLAZERS
1206,2019-04-07 20:00:00+00:00,NEW_ORLEANS_PELICANS,SACRAMENTO_KINGS
1207,2019-04-07 20:30:00+00:00,UTAH_JAZZ,LOS_ANGELES_LAKERS
1208,2019-04-09 18:00:00+00:00,CHARLOTTE_HORNETS,CLEVELAND_CAVALIERS
1209,2019-04-09 18:00:00+00:00,MEMPHIS_GRIZZLIES,DETROIT_PISTONS
1210,2019-04-09 18:00:00+00:00,BOSTON_CELTICS,WASHINGTON_WIZARDS
1211,2019-04-09 18:30:00+00:00,PHILADELPHIA_76ERS,MIAMI_HEAT
1212,2019-04-09 19:00:00+00:00,NEW_YORK_KNICKS,CHICAGO_BULLS
1213,2019-04-09 19:00:00+00:00,TORONTO_RAPTORS,MINNESOTA_TIMBERWOLVES
1214,2019-04-09 19:00:00+00:00,GOLDEN_STATE_WARRIORS,NEW_ORLEANS_PELICANS
1215,2019-04-09 19:30:00+00:00,PHOENIX_SUNS,DALLAS_MAVERICKS
1216,2019-04-09 20:00:00+00:00,DENVER_NUGGETS,UTAH_JAZZ
1217,2019-04-09 20:30:00+00:00,HOUSTON_ROCKETS,OKLAHOMA_CITY_THUNDER
1218,2019-04-09 21:30:00+00:00,PORTLAND_TRAIL_BLAZERS,LOS_ANGELES_LAKERS
1219,2019-04-10 19:00:00+00:00,INDIANA_PACERS,ATLANTA_HAWKS
1220,2019-04-10 19:00:00+00:00,MIAMI_HEAT,BROOKLYN_NETS
1221,2019-04-10 19:00:00+00:00,ORLANDO_MAGIC,CHARLOTTE_HORNETS
1222,2019-04-10 19:00:00+00:00,GOLDEN_STATE_WARRIORS,MEMPHIS_GRIZZLIES
1223,2019-04-10 19:00:00+00:00,OKLAHOMA_CITY_THUNDER,MILWAUKEE_BUCKS
1224,2019-04-10 19:00:00+00:00,DETROIT_PISTONS,NEW_YORK_KNICKS
1225,2019-04-10 19:00:00+00:00,CHICAGO_BULLS,PHILADELPHIA_76ERS
1226,2019-04-10 19:00:00+00:00,DALLAS_MAVERICKS,SAN_ANTONIO_SPURS
1227,2019-04-10 21:30:00+00:00,MINNESOTA_TIMBERWOLVES,DENVER_NUGGETS
1228,2019-04-10 21:30:00+00:00,UTAH_JAZZ,LOS_ANGELES_CLIPPERS
1229,2019-04-10 21:30:00+00:00,SACRAMENTO_KINGS,PORTLAND_TRAIL_BLAZERS
1230,2019-04-13 13:30:00+00:00,BROOKLYN_NETS,PHILADELPHIA_76ERS
1231,2019-04-13 16:00:00+00:00,ORLANDO_MAGIC,TORONTO_RAPTORS
1232,2019-04-13 19:00:00+00:00,LOS_ANGELES_CLIPPERS,GOLDEN_STATE_WARRIORS
1233,2019-04-13 21:30:00+00:00,SAN_ANTONIO_SPURS,DENVER_NUGGETS
1234,2019-04-14 12:00:00+00:00,INDIANA_PACERS,BOSTON_CELTICS
1235,2019-04-14 14:30:00+00:00,OKLAHOMA_CITY_THUNDER,PORTLAND_TRAIL_BLAZERS
1236,2019-04-14 18:00:00+00:00,DETROIT_PISTONS,MILWAUKEE_BUCKS
1237,2019-04-14 20:30:00+00:00,UTAH_JAZZ,HOUSTON_ROCKETS
1238,2019-04-15 19:00:00+00:00,BROOKLYN_NETS,PHILADELPHIA_76ERS
1239,2019-04-15 21:30:00+00:00,LOS_ANGELES_CLIPPERS,GOLDEN_STATE_WARRIORS
1240,2019-04-16 19:00:00+00:00,ORLANDO_MAGIC,TORONTO_RAPTORS
1241,2019-04-16 20:00:00+00:00,SAN_ANTONIO_SPURS,DENVER_NUGGETS
1242,2019-04-16 21:30:00+00:00,OKLAHOMA_CITY_THUNDER,PORTLAND_TRAIL_BLAZERS
1243,2019-04-17 18:00:00+00:00,INDIANA_PACERS,BOSTON_CELTICS
1244,2019-04-17 19:00:00+00:00,DETROIT_PISTONS,MILWAUKEE_BUCKS
1245,2019-04-17 20:30:00+00:00,UTAH_JAZZ,HOUSTON_ROCKETS
1246,2019-04-18 19:00:00+00:00,PHILADELPHIA_76ERS,BROOKLYN_NETS
1247,2019-04-18 20:00:00+00:00,DENVER_NUGGETS,SAN_ANTONIO_SPURS
1248,2019-04-18 21:30:00+00:00,GOLDEN_STATE_WARRIORS,LOS_ANGELES_CLIPPERS
1249,2019-04-19 18:00:00+00:00,TORONTO_RAPTORS,ORLANDO_MAGIC
1250,2019-04-19 19:30:00+00:00,BOSTON_CELTICS,INDIANA_PACERS
1251,2019-04-19 20:30:00+00:00,PORTLAND_TRAIL_BLAZERS,OKLAHOMA_CITY_THUNDER
1252,2019-04-20 14:00:00+00:00,PHILADELPHIA_76ERS,BROOKLYN_NETS
1253,2019-04-20 16:30:00+00:00,DENVER_NUGGETS,SAN_ANTONIO_SPURS
1254,2019-04-20 19:00:00+00:00,MILWAUKEE_BUCKS,DETROIT_PISTONS
1255,2019-04-20 21:30:00+00:00,HOUSTON_ROCKETS,UTAH_JAZZ
1256,2019-04-21 12:00:00+00:00,BOSTON_CELTICS,INDIANA_PACERS
1257,2019-04-21 14:30:00+00:00,GOLDEN_STATE_WARRIORS,LOS_ANGELES_CLIPPERS
1258,2019-04-21 18:00:00+00:00,TORONTO_RAPTORS,ORLANDO_MAGIC
1259,2019-04-21 20:30:00+00:00,PORTLAND_TRAIL_BLAZERS,OKLAHOMA_CITY_THUNDER
1260,2019-04-22 19:00:00+00:00,MILWAUKEE_BUCKS,DETROIT_PISTONS
1261,2019-04-22 21:30:00+00:00,HOUSTON_ROCKETS,UTAH_JAZZ
1262,2019-04-23 18:00:00+00:00,ORLANDO_MAGIC,TORONTO_RAPTORS
1263,2019-04-23 19:00:00+00:00,BROOKLYN_NETS,PHILADELPHIA_76ERS
1264,2019-04-23 20:30:00+00:00,SAN_ANTONIO_SPURS,DENVER_NUGGETS
1265,2019-04-23 21:30:00+00:00,OKLAHOMA_CITY_THUNDER,PORTLAND_TRAIL_BLAZERS
1266,2019-04-24 19:00:00+00:00,UTAH_JAZZ,HOUSTON_ROCKETS
1267,2019-04-24 21:30:00+00:00,LOS_ANGELES_CLIPPERS,GOLDEN_STATE_WARRIORS
1268,2019-04-25 19:00:00+00:00,DENVER_NUGGETS,SAN_ANTONIO_SPURS
1269,2019-04-26 21:00:00+00:00,GOLDEN_STATE_WARRIORS,LOS_ANGELES_CLIPPERS
1270,2019-04-27 18:30:00+00:00,PHILADELPHIA_76ERS,TORONTO_RAPTORS
1271,2019-04-27 21:00:00+00:00,SAN_ANTONIO_SPURS,DENVER_NUGGETS
1272,2019-04-28 12:00:00+00:00,BOSTON_CELTICS,MILWAUKEE_BUCKS
1273,2019-04-28 14:30:00+00:00,HOUSTON_ROCKETS,GOLDEN_STATE_WARRIORS
1274,2019-04-29 19:00:00+00:00,PHILADELPHIA_76ERS,TORONTO_RAPTORS
1275,2019-04-29 21:30:00+00:00,PORTLAND_TRAIL_BLAZERS,DENVER_NUGGETS
1276,2019-04-30 19:00:00+00:00,BOSTON_CELTICS,MILWAUKEE_BUCKS
1277,2019-04-30 21:30:00+00:00,HOUSTON_ROCKETS,GOLDEN_STATE_WARRIORS
1278,2019-05-01 20:00:00+00:00,PORTLAND_TRAIL_BLAZERS,DENVER_NUGGETS
1279,2019-05-02 19:00:00+00:00,TORONTO_RAPTORS,PHILADELPHIA_76ERS
1280,2019-05-03 19:00:00+00:00,MILWAUKEE_BUCKS,BOSTON_CELTICS
1281,2019-05-03 21:30:00+00:00,DENVER_NUGGETS,PORTLAND_TRAIL_BLAZERS
1282,2019-05-04 19:30:00+00:00,GOLDEN_STATE_WARRIORS,HOUSTON_ROCKETS
1283,2019-05-05 14:30:00+00:00,TORONTO_RAPTORS,PHILADELPHIA_76ERS
1284,2019-05-05 18:00:00+00:00,DENVER_NUGGETS,PORTLAND_TRAIL_BLAZERS
1285,2019-05-06 18:00:00+00:00,MILWAUKEE_BUCKS,BOSTON_CELTICS
1286,2019-05-06 20:30:00+00:00,GOLDEN_STATE_WARRIORS,HOUSTON_ROCKETS
1287,2019-05-07 19:00:00+00:00,PHILADELPHIA_76ERS,TORONTO_RAPTORS
1288,2019-05-07 21:30:00+00:00,PORTLAND_TRAIL_BLAZERS,DENVER_NUGGETS
1289,2019-05-08 19:00:00+00:00,BOSTON_CELTICS,MILWAUKEE_BUCKS
1290,2019-05-08 21:30:00+00:00,HOUSTON_ROCKETS,GOLDEN_STATE_WARRIORS
1291,2019-05-09 19:00:00+00:00,TORONTO_RAPTORS,PHILADELPHIA_76ERS
1292,2019-05-09 21:30:00+00:00,DENVER_NUGGETS,PORTLAND_TRAIL_BLAZERS
1293,2019-05-10 20:00:00+00:00,GOLDEN_STATE_WARRIORS,HOUSTON_ROCKETS
1294,2019-05-12 14:30:00+00:00,PORTLAND_TRAIL_BLAZERS,DENVER_NUGGETS
1295,2019-05-12 18:00:00+00:00,PHILADELPHIA_76ERS,TORONTO_RAPTORS
1296,2019-05-14 20:00:00+00:00,PORTLAND_TRAIL_BLAZERS,GOLDEN_STATE_WARRIORS
1297,2019-05-15 19:30:00+00:00,TORONTO_RAPTORS,MILWAUKEE_BUCKS
1298,2019-05-16 20:00:00+00:00,PORTLAND_TRAIL_BLAZERS,GOLDEN_STATE_WARRIORS
1299,2019-05-17 19:30:00+00:00,TORONTO_RAPTORS,MILWAUKEE_BUCKS
1300,2019-05-18 20:00:00+00:00,GOLDEN_STATE_WARRIORS,PORTLAND_TRAIL_BLAZERS
1301,2019-05-19 18:00:00+00:00,MILWAUKEE_BUCKS,TORONTO_RAPTORS
1302,2019-05-20 20:00:00+00:00,GOLDEN_STATE_WARRIORS,PORTLAND_TRAIL_BLAZERS
1303,2019-05-21 19:30:00+00:00,MILWAUKEE_BUCKS,TORONTO_RAPTORS
1304,2019-05-23 19:30:00+00:00,TORONTO_RAPTORS,MILWAUKEE_BUCKS
1305,2019-05-25 19:30:00+00:00,MILWAUKEE_BUCKS,TORONTO_RAPTORS
1306,2019-05-30 20:00:00+00:00,GOLDEN_STATE_WARRIORS,TORONTO_RAPTORS
1307,2019-06-02 19:00:00+00:00,GOLDEN_STATE_WARRIORS,TORONTO_RAPTORS
1308,2019-06-05 20:00:00+00:00,TORONTO_RAPTORS,GOLDEN_STATE_WARRIORS
1309,2019-06-07 20:00:00+00:00,TORONTO_RAPTORS,GOLDEN_STATE_WARRIORS
1310,2019-06-10 20:00:00+00:00,GOLDEN_STATE_WARRIORS,TORONTO_RAPTORS
1311,2019-06-13 20:00:00+00:00,TORONTO_RAPTORS,GOLDEN_STATE_WARRIORS
